2025IVL秋季赛常规赛 - Raw_All_Fields,,,,,,,,,,,,,,,,,,,,,,,,,,,,,,,,,,,,,,,,,,,,,,,,,,,,,,,,,,,,,,,,,,,,,,,,,,,,,,,,,,,,,,,,,,,,,,,,,,
大场序号,大场内小局序号,小局唯一ID,大场对阵,监管方队伍,求生方队伍,监管方得分,求生方得分,单局结果,赛段,阶段,日期,具体时间,主场,客场,场次号,屠队主客,屠队,屠名,主分,客分,胜利方,BAN图,BAN图2,地图,全局禁用人1-1,全局禁用人1-2,全局禁用人1-3,全局禁用人2-1,全局禁用人2-2,全局禁用人2-3,全局禁用人3-1,全局禁用人3-2,全局禁用人3-3,全局禁用屠1-1,全局禁用屠2-1,全局禁用屠3-1,人BAN1-1,人BAN1-2,人BAN1-3,人BAN1-4,屠BAN1-1,屠BAN1-2,屠BAN1-3,人选1-1,人选1-2,人选1-3,人选1-4,人BAN2-1,人BAN2-2,人选2-1,人选2-2,人BAN3-1,人选3-1,屠选,辅助特质,底牌后,地图选择方主客,剩机台数,求生者1ID,使用角色1,修机进度1,砸板命中1,救人次数1,治疗1,牵制时长1,出门1,求生者2ID,使用角色2,修机进度2,砸板命中2,救人次数2,治疗2,牵制时长2,出门2,求生者3ID,使用角色3,修机进度3,砸板命中3,救人次数3,治疗3,牵制时长3,出门3,求生者4ID,使用角色4,修机进度4,砸板命中4,救人次数4,治疗4,牵制时长4,出门4,用时 (分),用时 (秒),MVP,MVP角色,备注,全局禁用人1-4,全局禁用人2-4,全局禁用人3-4
1,1,2025-10-02_1400_Wolves_vs_WBG_R1_G1,Wolves vs WBG,WBG,Wolves,1,3,求生胜,2025,IVL秋季赛常规赛,2025-10-02,1400,Wolves,WBG,1,客,WBG,n1e,3,1,人,月亮河公园,唐人街,湖景村,,,,,,,,,,,,,冒险家,古董商,,,,,,木偶师,教授,,,大副,,守墓人,,气象学家,咒术师,26号守卫,闪现,传送,主,0,tian,木偶师,0,0,0,0,62,淘汰,jelly,教授,1.99,0,0,1,57,出门,487,咒术师,2.29,0,0,0,90,出门,xmx,守墓人,0.97,0,2,0,39,出门,6,55,487,咒术师,,,,
1,2,2025-10-02_1400_Wolves_vs_WBG_R2_G1,Wolves vs WBG,Wolves,WBG,1,3,求生胜,2025,IVL秋季赛常规赛,2025-10-02,1400,Wolves,WBG,1,主,Wolves,choai,1,3,人,月亮河公园,唐人街,湖景村,,,,,,,,,,,,,先知,古董商,,,,,,魔术师,木偶师,,,守墓人,,大副,,气象学家,弓箭手,蜡像师,窥视者,传送,主,0,huiyi,大副,1,0,1,0,24,出门,persica,弓箭手,2.13,0,0,0,39,出门,guoker,木偶师,0,0,0,0,94,淘汰,koting,魔术师,1.87,0,1,0,10,出门,4,18,487,咒术师,,,,
1,3,2025-10-02_1400_Wolves_vs_WBG_R3_G2,Wolves vs WBG,Wolves,WBG,3,1,监管胜,2025,IVL秋季赛常规赛,2025-10-02,1400,Wolves,WBG,2,主,Wolves,choai,3,1,屠,,不归林,红教堂,魔术师,木偶师,大副,,,,,,,蜡像师,,,先知,古董商,,,跛脚羊,,,幸运儿,气象学家,,,火灾调查员,,杂技演员,,佣兵,守墓人,喧嚣,移形,未携带,客,0,huiyi,守墓人,1,0,1,0,36,淘汰,persica,幸运儿,0,1,0,0,105,淘汰,koting,气象学家,2,0,1,0,6,出门,guoker,杂技演员,2,0,0,0,28,淘汰,5,7,487,咒术师,,弓箭手,,
1,4,2025-10-02_1400_Wolves_vs_WBG_R4_G2,Wolves vs WBG,WBG,Wolves,2,2,平局,2025,IVL秋季赛常规赛,2025-10-02,1400,Wolves,WBG,2,客,WBG,n1e,2,2,平,,不归林,红教堂,木偶师,教授,守墓人,,,,,,,26号守卫,,,先知,大副,,,跛脚羊,,,佣兵,火灾调查员,,,囚徒,,飞行家,,古董商,拉拉队员,歌剧演员,闪现,传送,客,0,jelly,拉拉队员,0,0,0,0,86,淘汰,xmx,佣兵,1.14,0,2,0,74,淘汰,tian,飞行家,3,0,0,0,13,出门,487,火灾调查员,1.67,0,0,2,75,出门,6,17,487,咒术师,,咒术师,,
1,5,2025-10-02_1400_Wolves_vs_WBG_R5_G3,Wolves vs WBG,WBG,Wolves,2,2,平局,2025,IVL秋季赛常规赛,2025-10-02,1400,Wolves,WBG,3,客,WBG,n1e,2,2,平,,军工厂,月亮河公园,佣兵,火灾调查员,飞行家,木偶师,教授,守墓人,,,,歌剧演员,26号守卫,,先知,大副,,,时空之影,跛脚羊,,气象学家,小说家,,,逃脱大师,,记者,,入殓师,幸运儿,喧嚣,移形,传送,主,0,jelly,小说家,0,0,0,0,122,淘汰,xmx,气象学家,0.17,0,1,0,73,淘汰,tian,记者,1.99,1,2,0,66,出门,487,幸运儿,2.27,1,1,0,83,出门,6,44,487,咒术师,,拉拉队员,咒术师,
1,6,2025-10-02_1400_Wolves_vs_WBG_R6_G3,Wolves vs WBG,Wolves,WBG,2,2,平局,2025,IVL秋季赛常规赛,2025-10-02,1400,Wolves,WBG,3,主,Wolves,yeyv,2,2,平,,军工厂,月亮河公园,幸运儿,气象学家,杂技演员,魔术师,木偶师,大副,,,,喧嚣,蜡像师,,小说家,火灾调查员,,,26号守卫,时空之影,,先知,古董商,,,记者,,飞行家,,空军,逃脱大师,杂货商,移形,传送,主,0,huiyi,逃脱大师,1.08,0,2,0,43,出门,guoker,古董商,1.49,1,2,0,81,淘汰,persica,先知,0.01,0,0,0,60,淘汰,koting,飞行家,2.43,0,3,0,34,出门,7,17,487,咒术师,,守墓人,弓箭手,
2,1,2025-10-02_1600_GG_vs_MRC_R1_G1,GG vs MRC,MRC,GG,1,3,求生胜,2025,IVL秋季赛常规赛,2025-10-02,1600,GG,MRC,1,客,MRC,bailu,3,1,人,湖景村,唐人街,永眠镇,,,,,,,,,,,,,先知,咒术师,,,,,,古董商,守墓人,,,气象学家,,木偶师,,教授,幸运儿,杂货商,移形,未使用,主,0,ppz,古董商,2,0,1,0,20,出门,18,木偶师,0,0,0,0,100,淘汰,kucao,守墓人,1.43,0,1,0,30,出门,ppxia,幸运儿,1.57,0,0,0,47,出门,4,35,bailu,歌剧演员,,,,
2,2,2025-10-02_1600_GG_vs_MRC_R2_G1,GG vs MRC,GG,MRC,2,2,平局,2025,IVL秋季赛常规赛,2025-10-02,1600,GG,MRC,1,主,GG,qiu,2,2,平,湖景村,唐人街,永眠镇,,,,,,,,,,,,,先知,古董商,,,,,,咒术师,木偶师,,,守墓人,,大副,,弓箭手,冒险家,跛脚羊,兴奋,未使用,主,0,xiaox,大副,1.34,0,1,1,26,出门,huac,木偶师,1.8,0,1,1,32,出门,nanako,咒术师,0,1,0,0,96,淘汰,xiaod,冒险家,2.3,0,0,0,44,淘汰,5,21,bailu,歌剧演员,,,,
2,3,2025-10-02_1600_GG_vs_MRC_R3_G2,GG vs MRC,GG,MRC,2,2,平局,2025,IVL秋季赛常规赛,2025-10-02,1600,GG,MRC,2,主,GG,xawm,2,2,平,,里奥的回忆,月亮河公园,咒术师,木偶师,大副,,,,,,,跛脚羊,,,先知,飞行家,,,歌剧演员,,,逃脱大师,小说家,,,火灾调查员,,入殓师,,气象学家,幸运儿,杂货商,移形,传送,客,0,xiaox,逃脱大师,1.74,0,1,0,38,出门,huac,幸运儿,1.72,0,1,2,35,出门,nanako,小说家,0,1,0,0,87,淘汰,xiaod,入殓师,2.52,0,1,0,74,淘汰,6,28,bailu,歌剧演员,,冒险家,,
2,4,2025-10-02_1600_GG_vs_MRC_R4_G2,GG vs MRC,MRC,GG,5,0,监管胜,2025,IVL秋季赛常规赛,2025-10-02,1600,GG,MRC,2,客,MRC,bailu,0,5,屠,,里奥的回忆,月亮河公园,古董商,守墓人,木偶师,,,,,,,杂货商,,,先知,空军,,,跛脚羊,,,气象学家,火灾调查员,,,弓箭手,,大副,,小说家,园丁,歌剧演员,移形,窥视者,客,3,ppz,气象学家,0,0,0,0,72,淘汰,18,园丁,1.82,0,0,0,34,淘汰,kucao,大副,1.08,0,1,2,32,淘汰,ppxia,火灾调查员,0.37,0,0,1,36,淘汰,4,51,bailu,歌剧演员,,幸运儿,,
2,5,2025-10-02_1600_GG_vs_MRC_R5_G3,GG vs MRC,GG,MRC,2,2,平局,2025,IVL秋季赛常规赛,2025-10-02,1600,GG,MRC,3,主,GG,xawm,2,2,平,,湖景村,唐人街,逃脱大师,小说家,入殓师,咒术师,木偶师,大副,,,,杂货商,跛脚羊,,机械师,先知,,,歌剧演员,破轮,,气象学家,火灾调查员,,,佣兵,,守墓人,,飞行家,病患,26号守卫,移形,未使用,主,0,xiaox,守墓人,0,0,0,0,87,淘汰,huac,病患,1.38,0,0,0,68,淘汰,nanako,火灾调查员,2,0,0,0,0,出门,xiaod,气象学家,2,0,0,0,21,出门,4,34,bailu,歌剧演员,,幸运儿,冒险家,
2,6,2025-10-02_1600_GG_vs_MRC_R6_G3,GG vs MRC,MRC,GG,3,1,监管胜,2025,IVL秋季赛常规赛,2025-10-02,1600,GG,MRC,3,客,MRC,bailu,1,3,屠,,湖景村,唐人街,气象学家,火灾调查员,大副,古董商,守墓人,木偶师,,,,歌剧演员,杂货商,,先知,前锋,,,跛脚羊,时空之影,,逃脱大师,飞行家,,,空军,,病患,,心理学家,邮差,喧嚣,移形,未携带,主,0,ppz,邮差,2,0,0,0,11,淘汰,18,飞行家,0,0,0,0,73,淘汰,kucao,逃脱大师,1.7,0,1,0,49,淘汰,ppxia,病患,1.76,0,2,0,45,出门,5,31,bailu,歌剧演员,,园丁,幸运儿,
3,1,2025-10-02_1800_GR_vs_FPX.ZQ_R1_G1,GR vs FPX.ZQ,FPX.ZQ,GR,2,2,平局,2025,IVL秋季赛常规赛,2025-10-02,1800,GR,FPX.ZQ,1,客,FPX.ZQ,dongx,2,2,平,永眠镇,唐人街,湖景村,,,,,,,,,,,,,冒险家,守墓人,,,,,,气象学家,逃脱大师,,,先知,,咒术师,,幸运儿,木偶师,杂货商,窥视者,传送,主,0,ac,气象学家,1.34,0,1,0,14,出门,heart,逃脱大师,0,0,0,0,100,淘汰,red,木偶师,2,0,0,0,42,淘汰,ak,咒术师,1.69,0,1,0,14,出门,4,46,jin,跛脚羊,,,,
3,2,2025-10-02_1800_GR_vs_FPX.ZQ_R2_G1,GR vs FPX.ZQ,GR,FPX.ZQ,5,0,监管胜,2025,IVL秋季赛常规赛,2025-10-02,1800,GR,FPX.ZQ,1,主,GR,jin,5,0,屠,永眠镇,唐人街,湖景村,,,,,,,,,,,,,冒险家,古董商,,,,,,木偶师,大副,,,咒术师,,教授,,魔术师,幸运儿,跛脚羊,闪现,传送,主,0,stian,教授,0.89,0,0,1,86,淘汰,yuan,幸运儿,0,0,0,0,76,淘汰,lin,木偶师,3.07,0,1,0,28,淘汰,yihua,大副,1.14,0,4,1,74,淘汰,7,19,jin,跛脚羊,,,,
3,3,2025-10-02_1800_GR_vs_FPX.ZQ_R3_G2,GR vs FPX.ZQ,FPX.ZQ,GR,2,2,平局,2025,IVL秋季赛常规赛,2025-10-02,1800,GR,FPX.ZQ,2,客,FPX.ZQ,dongx,2,2,平,,不归林,月亮河公园,气象学家,逃脱大师,咒术师,,,,,,,杂货商,,,先知,飞行家,,,跛脚羊,,,病患,入殓师,,,火灾调查员,,佣兵,,小说家,弓箭手,鹿头,移形,传送,客,0,ac,入殓师,0,0,1,0,35,淘汰,heart,佣兵,1.8,0,2,0,51,出门,red,弓箭手,2.29,0,1,0,71,淘汰,ak,病患,1.4,0,1,0,105,出门,7,22,jin,跛脚羊,,木偶师,,
3,4,2025-10-02_1800_GR_vs_FPX.ZQ_R4_G2,GR vs FPX.ZQ,GR,FPX.ZQ,2,2,平局,2025,IVL秋季赛常规赛,2025-10-02,1800,GR,FPX.ZQ,2,主,GR,jin,2,2,平,,不归林,月亮河公园,木偶师,大副,教授,,,,,,,跛脚羊,,,入殓师,古董商,,,喧嚣,,,飞行家,火灾调查员,,,野人,,守墓人,,气象学家,小说家,歌剧演员,闪现,传送,客,0,stian,火灾调查员,0,0,0,0,65,淘汰,yuan,飞行家,2.26,0,0,1,1,出门,lin,小说家,1.56,0,1,0,27,出门,yihua,守墓人,1.19,0,1,0,69,淘汰,5,38,jin,跛脚羊,,幸运儿,,
3,5,2025-10-02_1800_GR_vs_FPX.ZQ_R5_G3,GR vs FPX.ZQ,FPX.ZQ,GR,2,2,平局,2025,IVL秋季赛常规赛,2025-10-02,1800,GR,FPX.ZQ,3,客,FPX.ZQ,dongx,2,2,平,,圣心医院,红教堂,病患,入殓师,佣兵,气象学家,逃脱大师,咒术师,,,,鹿头,杂货商,,先知,古董商,,,跛脚羊,喧嚣,,守墓人,火灾调查员,,,幸运儿,,空军,,飞行家,杂技演员,记录员,闪现,移形,主,0,ac,火灾调查员,1.6,0,3,0,84,出门,heart,守墓人,1.45,0,1,0,87,淘汰,red,杂技演员,2.13,1,1,1,111,出门,ak,空军,0,0,0,0,74,淘汰,12,11,jin,跛脚羊,,弓箭手,木偶师,
3,6,2025-10-02_1800_GR_vs_FPX.ZQ_R6_G3,GR vs FPX.ZQ,GR,FPX.ZQ,3,1,监管胜,2025,IVL秋季赛常规赛,2025-10-02,1800,GR,FPX.ZQ,3,主,GR,jin,3,1,屠,,圣心医院,红教堂,飞行家,火灾调查员,守墓人,木偶师,大副,教授,,,,歌剧演员,跛脚羊,,先知,勘探员,,,喧嚣,杂货商,,入殓师,气象学家,,,法罗女士,,佣兵,,空军,杂技演员,26号守卫,移形,未携带,主,0,stian,入殓师,0,0,1,0,48,淘汰,yuan,气象学家,2.31,0,0,0,39,淘汰,lin,杂技演员,2.33,0,0,0,28,淘汰,yihua,佣兵,1,0,1,0,26,出门,6,22,jin,跛脚羊,,小说家,幸运儿,
4,1,2025-10-03_1400_DOU5_vs_TE_R1_G1,DOU5 vs TE,DOU5,TE,5,0,监管胜,2025,IVL秋季赛常规赛,2025-10-03,1400,DOU5,TE,1,主,DOU5,mhxm,5,0,屠,永眠镇,不归林,红教堂,,,,,,,,,,,,,先知,咒术师,,,,,,古董商,飞行家,,,大副,,守墓人,,教授,气象学家,杂货商,移形,失常,主,1,drop,气象学家,1.54,0,1,0,27,淘汰,maom,古董商,0,0,0,0,54,淘汰,libao,飞行家,2.25,0,1,0,42,淘汰,tao,守墓人,2.26,0,0,0,69,淘汰,6,51,mhxm,杂货商,,,,
4,2,2025-10-03_1400_DOU5_vs_TE_R2_G1,DOU5 vs TE,TE,DOU5,2,2,平局,2025,IVL秋季赛常规赛,2025-10-03,1400,DOU5,TE,1,客,TE,ppei,2,2,平,永眠镇,不归林,红教堂,,,,,,,,,,,,,先知,咒术师,,,,,,古董商,木偶师,,,守墓人,,大副,,飞行家,幸运儿,杂货商,移形,未使用,主,0,czai,古董商,0,0,0,0,51,淘汰,chen,木偶师,1.75,0,1,0,17,出门,楠,大副,1.53,0,1,0,10,出门,silverzhi,幸运儿,2.2,0,0,2,39,淘汰,5,46,mhxm,杂货商,,,,
4,3,2025-10-03_1400_DOU5_vs_TE_R3_G2,DOU5 vs TE,DOU5,TE,5,0,监管胜,2025,IVL秋季赛常规赛,2025-10-03,1400,DOU5,TE,2,主,DOU5,mhxm,5,0,屠,,唐人街,月亮河公园,古董商,飞行家,守墓人,,,,,,,杂货商,,,先知,火灾调查员,,,跛脚羊,,,空军,病患,,,入殓师,,园丁,,大副,佣兵,歌剧演员,闪现,传送,客,1,maom,空军,2,0,1,0,55,淘汰,drop,园丁,0,0,0,0,79,淘汰,libao,病患,2.09,0,0,1,40,淘汰,tao,佣兵,0.93,0,1,0,26,淘汰,6,51,mhxm,杂货商,,气象学家,,
4,4,2025-10-03_1400_DOU5_vs_TE_R4_G2,DOU5 vs TE,TE,DOU5,5,0,监管胜,2025,IVL秋季赛常规赛,2025-10-03,1400,DOU5,TE,2,客,TE,ppei,0,5,屠,,唐人街,月亮河公园,古董商,木偶师,大副,,,,,,,杂货商,,,先知,入殓师,,,跛脚羊,,,佣兵,病患,,,园丁,,空军,,气象学家,法罗女士,歌剧演员,闪现,传送,客,1,czai,空军,2.04,0,2,2,31,淘汰,楠,佣兵,0.24,0,1,1,83,淘汰,chen,病患,2.29,1,0,0,27,淘汰,silverzhi,法罗女士,0,0,0,0,80,淘汰,7,18,mhxm,杂货商,,幸运儿,,
4,5,2025-10-03_1400_DOU5_vs_TE_R5_G3,DOU5 vs TE,TE,DOU5,2,2,平局,2025,IVL秋季赛常规赛,2025-10-03,1400,DOU5,TE,3,客,TE,suda,2,2,平,,永眠镇,里奥的回忆,佣兵,病患,空军,古董商,木偶师,大副,,,,歌剧演员,杂货商,,先知,冒险家,,,跛脚羊,时空之影,,前锋,入殓师,,,囚徒,,飞行家,,气象学家,小说家,记录员,移形,传送,主,0,czai,前锋,0.48,0,1,0,100,淘汰,楠,小说家,0.13,2,0,0,181,淘汰,chen,飞行家,2.76,0,1,0,32,出门,silverzhi,入殓师,2.37,0,2,1,33,出门,9,4,mhxm,杂货商,,法罗女士,幸运儿,
4,6,2025-10-03_1400_DOU5_vs_TE_R6_G3,DOU5 vs TE,DOU5,TE,1,3,求生胜,2025,IVL秋季赛常规赛,2025-10-03,1400,DOU5,TE,3,主,DOU5,mhxm,1,3,人,,永眠镇,里奥的回忆,空军,病患,园丁,古董商,飞行家,守墓人,,,,歌剧演员,杂货商,,先知,逃脱大师,,,跛脚羊,喧嚣,,前锋,幸运儿,,,入殓师,,昆虫学者,,机械师,小说家,鹿头,移形,未使用,主,0,libao,幸运儿,2.29,0,1,1,54,出门,maom,小说家,0,2,0,0,208,淘汰,tao,前锋,0.71,0,2,0,40,出门,drop,昆虫学者,2.11,0,0,0,0,出门,6,25,mhxm,杂货商,,佣兵,气象学家,
5,1,2025-10-03_1600_ACT_vs_GW_R1_G1,ACT vs GW,GW,ACT,2,2,平局,2025,IVL秋季赛常规赛,2025-10-03,1600,ACT,GW,1,客,GW,tzym,2,2,平,月亮河公园,唐人街,湖景村,,,,,,,,,,,,,先知,魔术师,,,,,,木偶师,教授,,,守墓人,,大副,,飞行家,幸运儿,跛脚羊,闪现,传送,主,0,eleven,大副,1,0,1,0,36,淘汰,gougou,教授,0,0,0,0,140,淘汰,xy,木偶师,2.2,0,0,0,0,出门,xmiao5,幸运儿,2,0,1,1,21,出门,4,58,zz9,杂货商,,,,
5,2,2025-10-03_1600_ACT_vs_GW_R2_G1,ACT vs GW,ACT,GW,5,0,监管胜,2025,IVL秋季赛常规赛,2025-10-03,1600,ACT,GW,1,主,ACT,zz9,5,0,屠,月亮河公园,唐人街,湖景村,,,,,,,,,,,,,先知,教授,,,,,,气象学家,魔术师,,,木偶师,,咒术师,,大副,守墓人,时空之影,闪现,未携带,主,0,lancelot,魔术师,3.09,0,2,0,38,淘汰,leil,气象学家,1.56,0,0,1,95,淘汰,lion,守墓人,0.01,0,0,0,50,淘汰,unicorn,咒术师,1.81,0,1,0,155,淘汰,10,10,zz9,杂货商,,,,
5,3,2025-10-03_1600_ACT_vs_GW_R3_G2,ACT vs GW,GW,ACT,1,3,求生胜,2025,IVL秋季赛常规赛,2025-10-03,1600,ACT,GW,2,客,GW,tzym,3,1,人,,不归林,里奥的回忆,木偶师,教授,大副,,,,,,,跛脚羊,,,先知,火灾调查员,,,杂货商,,,古董商,逃脱大师,,,飞行家,,气象学家,,空军,园丁,时空之影,闪现,窥视者,客,0,eleven,逃脱大师,1.57,0,1,0,12,出门,gougou,园丁,1.47,0,1,0,7,出门,xy,古董商,1.98,0,0,0,0,出门,xmiao5,气象学家,0.07,0,0,0,144,淘汰,4,42,zz9,杂货商,,幸运儿,,
5,4,2025-10-03_1600_ACT_vs_GW_R4_G2,ACT vs GW,ACT,GW,5,0,监管胜,2025,IVL秋季赛常规赛,2025-10-03,1600,ACT,GW,2,主,ACT,zz9,5,0,屠,,不归林,里奥的回忆,气象学家,魔术师,咒术师,,,,,,,时空之影,,,先知,冒险家,,,跛脚羊,,,病患,幸运儿,,,火灾调查员,,飞行家,,佣兵,大副,杂货商,移形,传送,客,2,lancelot,病患,2.45,0,1,0,78,淘汰,leil,飞行家,0,0,0,0,65,淘汰,lion,大副,1.57,0,0,0,53,淘汰,unicorn,幸运儿,0.65,0,1,1,74,淘汰,7,33,zz9,杂货商,,守墓人,,
6,1,2025-10-03_1800_Wolves_vs_MRC_R1_G1,Wolves vs MRC,Wolves,MRC,2,2,平局,2025,IVL秋季赛常规赛,2025-10-03,1800,Wolves,MRC,1,主,Wolves,choai,2,2,平,湖景村,唐人街,月亮河公园,,,,,,,,,,,,,先知,古董商,,,,,,大副,木偶师,,,咒术师,,小说家,,教授,园丁,跛脚羊,兴奋,传送,主,0,xiaox,大副,0.96,0,2,0,130,淘汰,huac,木偶师,2.09,0,2,0,20,出门,nanako,小说家,0.06,0,0,0,88,淘汰,xiaod,园丁,2.59,0,0,1,42,出门,7,27,bailu,歌剧演员,,,,
6,2,2025-10-03_1800_Wolves_vs_MRC_R2_G1,Wolves vs MRC,MRC,Wolves,5,0,监管胜,2025,IVL秋季赛常规赛,2025-10-03,1800,Wolves,MRC,1,客,MRC,bailu,0,5,屠,湖景村,唐人街,月亮河公园,,,,,,,,,,,,,先知,古董商,,,,,,守墓人,木偶师,,,弓箭手,,气象学家,,园丁,魔术师,歌剧演员,闪现,传送,主,0,tian,魔术师,1.02,0,1,0,59,淘汰,jelly,木偶师,2.23,0,1,0,37,淘汰,487,气象学家,1.77,0,1,1,31,淘汰,xmx,守墓人,0,0,0,0,71,淘汰,5,52,bailu,歌剧演员,,,,
6,3,2025-10-03_1800_Wolves_vs_MRC_R3_G2,Wolves vs MRC,Wolves,MRC,1,3,求生胜,2025,IVL秋季赛常规赛,2025-10-03,1800,Wolves,MRC,2,主,Wolves,yeyv,1,3,人,,不归林,永眠镇,大副,木偶师,小说家,,,,,,,跛脚羊,,,入殓师,火灾调查员,,,杂货商,,,幸运儿,气象学家,,,飞行家,,佣兵,,杂技演员,病患,时空之影,闪现,未携带,客,0,xiaox,佣兵,1,0,1,0,24,出门,huac,病患,2,0,0,0,11,出门,nanako,幸运儿,0,0,0,0,118,淘汰,xiaod,气象学家,2,0,1,0,16,出门,4,34,bailu,歌剧演员,,园丁,,
6,4,2025-10-03_1800_Wolves_vs_MRC_R4_G2,Wolves vs MRC,MRC,Wolves,2,2,平局,2025,IVL秋季赛常规赛,2025-10-03,1800,Wolves,MRC,2,客,MRC,bailu,2,2,平,,不归林,永眠镇,守墓人,木偶师,气象学家,,,,,,,歌剧演员,,,先知,飞行家,,,跛脚羊,,,火灾调查员,幸运儿,,,前锋,,杂技演员,,逃脱大师,佣兵,喧嚣,移形,未携带,客,0,tian,杂技演员,2.19,0,1,0,29,出门,jelly,幸运儿,2.23,0,1,0,26,出门,487,火灾调查员,0,0,0,0,86,淘汰,xmx,佣兵,0.94,0,2,0,69,淘汰,5,53,bailu,歌剧演员,,魔术师,,
7,1,2025-10-04_1400_DOU5_vs_FPX.ZQ_R1_G1,DOU5 vs FPX.ZQ,FPX.ZQ,DOU5,2,2,平局,2025,IVL秋季赛常规赛,2025-10-04,1400,DOU5,FPX.ZQ,1,客,FPX.ZQ,dongx,2,2,平,永眠镇,唐人街,湖景村,,,,,,,,,,,,,冒险家,古董商,,,,,,先知,幸运儿,,,气象学家,,飞行家,,守墓人,逃脱大师,歌剧演员,窥视者,传送,主,0,czai,飞行家,1.53,1,1,0,103,出门,chen,先知,2.31,0,0,0,16,淘汰,楠,逃脱大师,0,0,0,0,57,淘汰,silverzhi,幸运儿,2,0,1,0,10,出门,6,55,mhxm,歌剧演员,,,,
7,2,2025-10-04_1400_DOU5_vs_FPX.ZQ_R2_G1,DOU5 vs FPX.ZQ,DOU5,FPX.ZQ,5,0,监管胜,2025,IVL秋季赛常规赛,2025-10-04,1400,DOU5,FPX.ZQ,1,主,DOU5,mhxm,5,0,屠,永眠镇,唐人街,湖景村,,,,,,,,,,,,,冒险家,古董商,,,,,,教授,咒术师,,,先知,,气象学家,,大副,逃脱大师,歌剧演员,闪现,传送,主,1,stian,咒术师,2.19,0,1,1,30,淘汰,yuan,气象学家,0.53,0,1,0,71,淘汰,lin,教授,2.27,0,1,0,32,淘汰,yihua,逃脱大师,0,0,0,0,30,淘汰,6,27,mhxm,歌剧演员,,,,
7,3,2025-10-04_1400_DOU5_vs_FPX.ZQ_R3_G2,DOU5 vs FPX.ZQ,DOU5,FPX.ZQ,3,1,监管胜,2025,IVL秋季赛常规赛,2025-10-04,1400,DOU5,FPX.ZQ,2,主,DOU5,mhxm,3,1,屠,,红教堂,月亮河公园,教授,咒术师,气象学家,,,,,,,歌剧演员,,,先知,飞行家,,,跛脚羊,,,病患,小说家,,,入殓师,,大副,,幸运儿,火灾调查员,喧嚣,移形,未携带,客,0,stian,火灾调查员,0.02,0,0,0,107,淘汰,yuan,病患,2.43,0,1,1,22,淘汰,lin,小说家,2.27,1,0,0,50,淘汰,yihua,大副,0.73,0,2,0,74,出门,5,58,mhxm,歌剧演员,,逃脱大师,,
7,4,2025-10-04_1400_DOU5_vs_FPX.ZQ_R4_G2,DOU5 vs FPX.ZQ,FPX.ZQ,DOU5,3,1,监管胜,2025,IVL秋季赛常规赛,2025-10-04,1400,DOU5,FPX.ZQ,2,客,FPX.ZQ,dongx,1,3,屠,,红教堂,月亮河公园,先知,幸运儿,飞行家,,,,,,,歌剧演员,,,病患,火灾调查员,,,跛脚羊,,,气象学家,小说家,,,大副,,佣兵,,入殓师,杂技演员,喧嚣,传送,未携带,客,0,czai,小说家,2.93,0,0,4,8,出门,chen,杂技演员,1.81,0,3,0,90,淘汰,楠,佣兵,0.33,1,1,1,140,淘汰,silverzhi,气象学家,0,0,0,0,77,淘汰,7,45,mhxm,歌剧演员,,逃脱大师,,
7,5,2025-10-04_1400_DOU5_vs_FPX.ZQ_R5_G3,DOU5 vs FPX.ZQ,FPX.ZQ,DOU5,3,1,监管胜,2025,IVL秋季赛常规赛,2025-10-04,1400,DOU5,FPX.ZQ,3,客,FPX.ZQ,dongx,1,3,屠,,圣心医院,不归林,气象学家,小说家,佣兵,先知,幸运儿,飞行家,,,,喧嚣,歌剧演员,,古董商,火灾调查员,,,跛脚羊,梦之女巫,,前锋,教授,,,冒险家,,画家,,心理学家,调酒师,蜡像师,移形,未携带,主,0,czai,前锋,0.84,0,3,1,84,淘汰,chen,画家,2,0,1,0,90,淘汰,楠,教授,0,0,0,0,109,淘汰,silverzhi,调酒师,2.89,0,0,2,38,出门,7,26,mhxm,歌剧演员,,杂技演员,逃脱大师,
7,6,2025-10-04_1400_DOU5_vs_FPX.ZQ_R6_G3,DOU5 vs FPX.ZQ,DOU5,FPX.ZQ,5,0,监管胜,2025,IVL秋季赛常规赛,2025-10-04,1400,DOU5,FPX.ZQ,3,主,DOU5,yan,5,0,屠,,圣心医院,不归林,病患,小说家,大副,教授,咒术师,气象学家,,,,喧嚣,歌剧演员,,幸运儿,空军,,,跛脚羊,鹿头,,勘探员,祭司,,,入殓师,,飞行家,,骑士,佣兵,时空之影,闪现,未携带,主,0,stian,祭司,0,0,0,0,81,淘汰,yuan,飞行家,2,0,2,0,71,淘汰,lin,勘探员,2.53,0,1,0,69,淘汰,yihua,佣兵,1.34,0,1,0,23,淘汰,8,1,mhxm,歌剧演员,,火灾调查员,逃脱大师,
8,1,2025-10-04_1600_WBG_vs_GG_R1_G1,WBG vs GG,GG,WBG,2,2,平局,2025,IVL秋季赛常规赛,2025-10-04,1600,WBG,GG,1,客,GG,xawm,2,2,平,月亮河公园,里奥的回忆,不归林,,,,,,,,,,,,,先知,古董商,,,,,,魔术师,木偶师,,,气象学家,,弓箭手,,守墓人,大副,杂货商,移形,传送,主,0,koting,魔术师,0,0,0,0,74,淘汰,guoker,木偶师,2,0,1,0,13,出门,huiyi,大副,1.05,0,1,0,44,出门,persica,弓箭手,2,0,1,0,106,淘汰,5,31,persica,气象学家,,,,
8,2,2025-10-04_1600_WBG_vs_GG_R2_G1,WBG vs GG,WBG,GG,3,1,监管胜,2025,IVL秋季赛常规赛,2025-10-04,1600,WBG,GG,1,主,WBG,n1e,3,1,屠,月亮河公园,里奥的回忆,不归林,,,,,,,,,,,,,先知,古董商,,,,,,守墓人,弓箭手,,,魔术师,,幸运儿,,飞行家,教授,喧嚣,移形,传送,主,0,ppz,弓箭手,2.48,0,2,0,94,淘汰,18,幸运儿,1.06,0,1,1,73,淘汰,kucao,守墓人,1.94,0,2,0,65,出门,ppxia,教授,0,0,0,0,117,淘汰,6,27,persica,气象学家,,,,
8,3,2025-10-04_1600_WBG_vs_GG_R3_G2,WBG vs GG,WBG,GG,2,2,平局,2025,IVL秋季赛常规赛,2025-10-04,1600,WBG,GG,2,主,WBG,n1e,2,2,平,,唐人街,月亮河公园,守墓人,弓箭手,幸运儿,,,,,,,喧嚣,,,先知,古董商,,,跛脚羊,,,逃脱大师,气象学家,,,空军,,火灾调查员,,心理学家,入殓师,歌剧演员,闪现,传送,客,0,ppz,气象学家,2.17,0,0,1,0,出门,18,入殓师,1.18,1,2,0,47,淘汰,kucao,逃脱大师,0,0,0,0,70,淘汰,ppxia,火灾调查员,1.65,0,1,0,19,出门,4,53,persica,气象学家,,教授,,
8,4,2025-10-04_1600_WBG_vs_GG_R4_G2,WBG vs GG,GG,WBG,1,3,求生胜,2025,IVL秋季赛常规赛,2025-10-04,1600,WBG,GG,2,客,GG,qiu,3,1,人,,唐人街,月亮河公园,魔术师,木偶师,弓箭手,,,,,,,杂货商,,,先知,古董商,,,跛脚羊,,,佣兵,气象学家,,,火灾调查员,,哭泣小丑,,入殓师,园丁,歌剧演员,闪现,传送,客,0,koting,园丁,1.63,0,0,0,32,出门,guoker,哭泣小丑,1.99,0,1,0,11,出门,huiyi,佣兵,1.23,0,1,0,26,出门,persica,气象学家,0.47,0,0,0,116,淘汰,4,35,persica,气象学家,,大副,,
9,1,2025-10-04_1800_TE_vs_ACT_R1_G1,TE vs ACT,ACT,TE,1,3,求生胜,2025,IVL秋季赛常规赛,2025-10-04,1800,TE,ACT,1,客,ACT,zz9,3,1,人,里奥的回忆,唐人街,湖景村,,,,,,,,,,,,,先知,冒险家,,,,,,古董商,大副,,,飞行家,,魔术师,,幸运儿,木偶师,时空之影,闪现,未携带,主,0,drop,魔术师,2.21,0,0,0,0,出门,maom,古董商,0.93,0,1,0,84,出门,libao,木偶师,0.9,0,1,0,52,出门,lconfid,大副,1.19,0,0,0,73,淘汰,5,46,drop,咒术师,,,,
9,2,2025-10-04_1800_TE_vs_ACT_R2_G1,TE vs ACT,TE,ACT,2,2,平局,2025,IVL秋季赛常规赛,2025-10-04,1800,TE,ACT,1,主,TE,ppei,2,2,平,里奥的回忆,唐人街,湖景村,,,,,,,,,,,,,冒险家,古董商,,,,,,教授,大副,,,幸运儿,,园丁,,弓箭手,飞行家,杂货商,移形,传送,主,0,eleven,大副,1.68,0,1,0,45,出门,gougou,园丁,2.06,0,0,0,0,出门,xy,教授,1.94,0,0,0,60,淘汰,xmiao5,飞行家,0,1,0,0,68,淘汰,5,5,drop,咒术师,,,,
9,3,2025-10-04_1800_TE_vs_ACT_R3_G2,TE vs ACT,TE,ACT,1,3,求生胜,2025,IVL秋季赛常规赛,2025-10-04,1800,TE,ACT,2,主,TE,ppei,1,3,人,,永眠镇,红教堂,教授,大副,园丁,,,,,,,杂货商,,,先知,古董商,,,歌剧演员,,,逃脱大师,木偶师,,,医生,,咒术师,,幸运儿,气象学家,跛脚羊,闪现,传送,客,0,eleven,逃脱大师,1.12,0,1,0,37,出门,gougou,咒术师,0.03,0,0,0,151,淘汰,xy,木偶师,2,0,0,0,27,出门,xmiao5,气象学家,1.88,0,1,0,11,出门,4,35,drop,咒术师,,飞行家,,
9,4,2025-10-04_1800_TE_vs_ACT_R4_G2,TE vs ACT,ACT,TE,1,3,求生胜,2025,IVL秋季赛常规赛,2025-10-04,1800,TE,ACT,2,客,ACT,zz9,3,1,人,,永眠镇,红教堂,古董商,大副,魔术师,,,,,,,时空之影,,,先知,气象学家,,,跛脚羊,,,佣兵,幸运儿,,,小说家,,咒术师,,飞行家,火灾调查员,杂货商,窥视者,兴奋,客,0,drop,咒术师,1.8,0,2,0,19,出门,maom,幸运儿,0,1,0,0,99,淘汰,libao,火灾调查员,2,0,1,0,22,出门,lconfid,佣兵,1.2,0,1,0,15,出门,4,33,drop,咒术师,,木偶师,,
9,5,2025-10-04_1800_TE_vs_ACT_R5_G3,TE vs ACT,TE,ACT,2,2,平局,2025,IVL秋季赛常规赛,2025-10-04,1800,TE,ACT,3,主,TE,suda,2,2,平,,里奥的回忆,圣心医院,逃脱大师,木偶师,咒术师,教授,大副,园丁,,,,跛脚羊,杂货商,,先知,古董商,,,喧嚣,时空之影,,幸运儿,哭泣小丑,,,冒险家,,拉拉队员,,空军,病患,歌剧演员,闪现,未携带,主,0,eleven,哭泣小丑,0.32,0,2,0,94,淘汰,gougou,拉拉队员,0,1,1,1,132,出门,xy,幸运儿,2.99,0,0,1,59,出门,xmiao5,病患,2.37,1,1,1,37,淘汰,6,41,drop,咒术师,,气象学家,飞行家,
9,6,2025-10-04_1800_TE_vs_ACT_R6_G3,TE vs ACT,ACT,TE,1,3,求生胜,2025,IVL秋季赛常规赛,2025-10-04,1800,TE,ACT,3,客,ACT,zz9,3,1,人,,里奥的回忆,圣心医院,佣兵,幸运儿,咒术师,古董商,大副,魔术师,,,,杂货商,时空之影,,先知,气象学家,,,梦之女巫,跛脚羊,,机械师,空军,,,入殓师,,心理学家,,逃脱大师,前锋,喧嚣,窥视者,传送,主,0,drop,心理学家,1,0,2,0,42,出门,maom,空军,1,0,0,0,88,出门,libao,机械师,2.02,0,0,0,33,出门,lconfid,前锋,1,0,0,0,50,淘汰,4,57,drop,咒术师,,火灾调查员,木偶师,
10,1,2025-10-05_1400_GR_vs_GW_R1_G1,GR vs GW,GR,GW,5,0,监管胜,2025,IVL秋季赛常规赛,2025-10-05,1400,GR,GW,1,主,GR,jin,5,0,屠,月亮河公园,唐人街,湖景村,,,,,,,,,,,,,古董商,教授,,,,,,气象学家,魔术师,,,守墓人,,大副,,冒险家,弓箭手,26号守卫,移形,传送,主,1,lancelot,弓箭手,0.28,0,0,0,44,淘汰,leil,气象学家,2.35,0,0,0,70,淘汰,lion,大副,0.82,0,2,0,76,淘汰,unicorn,魔术师,1.24,0,0,1,35,淘汰,8,6,jin,26号守卫,,,,
10,2,2025-10-05_1400_GR_vs_GW_R2_G1,GR vs GW,GW,GR,3,1,监管胜,2025,IVL秋季赛常规赛,2025-10-05,1400,GR,GW,1,客,GW,tzym,1,3,屠,月亮河公园,唐人街,湖景村,,,,,,,,,,,,,先知,咒术师,,,,,,古董商,大副,,,魔术师,,气象学家,,教授,木偶师,宿伞之魂,闪现,未携带,主,0,ac,气象学家,1.39,0,1,3,84,淘汰,heart,大副,0,1,0,0,99,淘汰,red,古董商,1.77,0,2,0,86,淘汰,ak,木偶师,2.23,0,0,2,68,出门,7,37,jin,26号守卫,,,,
10,3,2025-10-05_1400_GR_vs_GW_R3_G2,GR vs GW,GR,GW,3,1,监管胜,2025,IVL秋季赛常规赛,2025-10-05,1400,GR,GW,2,主,GR,jin,3,1,屠,,不归林,里奥的回忆,气象学家,魔术师,大副,,,,,,,26号守卫,,,先知,古董商,,,歌剧演员,,,咒术师,逃脱大师,,,教授,,飞行家,,幸运儿,木偶师,跛脚羊,闪现,传送,客,0,lancelot,飞行家,1.14,0,1,0,71,淘汰,leil,木偶师,2.43,0,1,0,33,出门,lion,逃脱大师,1.35,0,2,1,94,淘汰,unicorn,咒术师,0.08,0,0,0,64,淘汰,6,43,jin,26号守卫,,弓箭手,,
10,4,2025-10-05_1400_GR_vs_GW_R4_G2,GR vs GW,GW,GR,2,2,平局,2025,IVL秋季赛常规赛,2025-10-05,1400,GR,GW,2,客,GW,tzym,2,2,平,,不归林,里奥的回忆,古董商,大副,气象学家,,,,,,,宿伞之魂,,,先知,火灾调查员,,,跛脚羊,,,佣兵,弓箭手,,,飞行家,,入殓师,,空军,杂技演员,歌剧演员,闪现,传送,客,0,ac,入殓师,2.08,0,2,1,69,淘汰,heart,佣兵,0.79,0,3,0,63,出门,red,弓箭手,0.17,0,0,0,59,淘汰,ak,杂技演员,2.62,0,0,0,57,出门,7,55,jin,26号守卫,,木偶师,,
11,1,2025-10-05_1600_Wolves_vs_GG_R1_G1,Wolves vs GG,GG,Wolves,2,2,平局,2025,IVL秋季赛常规赛,2025-10-05,1600,Wolves,GG,1,客,GG,xawm,2,2,平,月亮河公园,里奥的回忆,红教堂,,,,,,,,,,,,,气象学家,古董商,,,,,,教授,咒术师,,,大副,,守墓人,,飞行家,魔术师,26号守卫,闪现,窥视者,主,0,tian,魔术师,2.31,0,0,0,80,淘汰,jelly,教授,0.07,0,0,0,87,淘汰,487,咒术师,1.56,0,1,1,49,出门,xmx,守墓人,1.38,0,1,0,27,出门,6,5,18,木偶师,,,,
11,2,2025-10-05_1600_Wolves_vs_GG_R2_G1,Wolves vs GG,Wolves,GG,2,2,平局,2025,IVL秋季赛常规赛,2025-10-05,1600,Wolves,GG,1,主,Wolves,choai,2,2,平,月亮河公园,里奥的回忆,红教堂,,,,,,,,,,,,,先知,古董商,,,,,,木偶师,气象学家,,,幸运儿,,守墓人,,弓箭手,咒术师,歌剧演员,闪现,传送,主,0,ppz,咒术师,2.14,0,1,0,26,淘汰,18,木偶师,1.86,0,0,0,13,出门,kucao,守墓人,0,0,0,0,57,淘汰,ppxia,气象学家,1.23,0,0,0,56,出门,5,26,18,木偶师,,,,
11,3,2025-10-05_1600_Wolves_vs_GG_R3_G2,Wolves vs GG,Wolves,GG,1,3,求生胜,2025,IVL秋季赛常规赛,2025-10-05,1600,Wolves,GG,2,主,Wolves,choai,1,3,人,,唐人街,月亮河公园,木偶师,气象学家,守墓人,,,,,,,歌剧演员,,,先知,火灾调查员,,,跛脚羊,,,空军,逃脱大师,,,入殓师,,飞行家,,幸运儿,心理学家,杂货商,移形,传送,客,0,ppz,空军,2,0,0,0,0,出门,18,飞行家,2,0,1,0,23,出门,kucao,逃脱大师,1,0,1,0,32,出门,ppxia,心理学家,0,0,0,0,86,淘汰,4,15,18,木偶师,,咒术师,,
11,4,2025-10-05_1600_Wolves_vs_GG_R4_G2,Wolves vs GG,GG,Wolves,2,2,平局,2025,IVL秋季赛常规赛,2025-10-05,1600,Wolves,GG,2,客,GG,xawm,2,2,平,,唐人街,月亮河公园,教授,咒术师,守墓人,,,,,,,26号守卫,,,先知,古董商,,,跛脚羊,,,飞行家,佣兵,,,火灾调查员,,病患,,空军,幸运儿,歌剧演员,移形,传送,客,0,tian,飞行家,0,0,0,0,68,淘汰,jelly,病患,2.16,0,2,0,112,淘汰,487,幸运儿,2.06,0,2,2,101,出门,xmx,佣兵,1.24,0,1,0,85,出门,8,39,18,木偶师,,魔术师,,
11,5,2025-10-05_1600_Wolves_vs_GG_R5_G3,Wolves vs GG,GG,Wolves,2,2,平局,2025,IVL秋季赛常规赛,2025-10-05,1600,Wolves,GG,3,客,GG,xawm,2,2,平,,里奥的回忆,湖景村,飞行家,佣兵,病患,教授,咒术师,守墓人,,,,歌剧演员,26号守卫,,先知,记者,,,跛脚羊,时空之影,,昆虫学者,气象学家,,,火灾调查员,,逃脱大师,,弓箭手,勘探员,杂货商,移形,未使用,主,0,tian,气象学家,1.9,0,1,0,28,出门,jelly,昆虫学者,0.83,0,0,1,64,出门,487,勘探员,1.6,0,2,0,78,淘汰,xmx,逃脱大师,0.73,0,1,0,46,淘汰,5,29,18,木偶师,,幸运儿,魔术师,
11,6,2025-10-05_1600_Wolves_vs_GG_R6_G3,Wolves vs GG,Wolves,GG,2,2,平局,2025,IVL秋季赛常规赛,2025-10-05,1600,Wolves,GG,3,主,Wolves,choai,2,2,平,,里奥的回忆,湖景村,空军,逃脱大师,飞行家,木偶师,气象学家,守墓人,,,,杂货商,歌剧演员,,先知,幸运儿,,,跛脚羊,喧嚣,,昆虫学者,火灾调查员,,,大副,,入殓师,,佣兵,前锋,时空之影,闪现,未携带,主,0,ppz,火灾调查员,0.01,0,0,0,77,淘汰,18,昆虫学者,2.84,0,0,0,62,出门,kucao,前锋,1.47,0,1,0,144,淘汰,ppxia,入殓师,2.17,0,2,0,41,出门,10,34,18,木偶师,,心理学家,咒术师,
12,1,2025-10-05_1800_WBG_vs_TE_R1_G1,WBG vs TE,TE,WBG,3,1,监管胜,2025,IVL秋季赛常规赛,2025-10-05,1800,WBG,TE,1,客,TE,suda,1,3,屠,永眠镇,不归林,湖景村,,,,,,,,,,,,,先知,古董商,,,,,,魔术师,大副,,,冒险家,,气象学家,,幸运儿,法罗女士,时空之影,闪现,未携带,主,0,koting,魔术师,1.77,0,0,0,69,出门,guoker,法罗女士,0.23,0,0,0,75,淘汰,huiyi,大副,1.8,0,1,0,57,淘汰,persica,气象学家,2.19,0,1,0,27,淘汰,6,25,n1e,时空之影,,,,
12,2,2025-10-05_1800_WBG_vs_TE_R2_G1,WBG vs TE,WBG,TE,5,0,监管胜,2025,IVL秋季赛常规赛,2025-10-05,1800,WBG,TE,1,主,WBG,n1e,5,0,屠,永眠镇,不归林,湖景村,,,,,,,,,,,,,冒险家,古董商,,,,,,先知,大副,,,气象学家,,飞行家,,幸运儿,咒术师,时空之影,闪现,未携带,主,0,drop,咒术师,2.42,0,0,0,86,淘汰,maom,先知,2.27,0,2,0,87,淘汰,libao,飞行家,1.69,0,2,0,109,淘汰,lconfid,大副,0.13,1,0,0,132,淘汰,10,52,n1e,时空之影,,,,
12,3,2025-10-05_1800_WBG_vs_TE_R3_G2,WBG vs TE,WBG,TE,3,1,监管胜,2025,IVL秋季赛常规赛,2025-10-05,1800,WBG,TE,2,主,WBG,n1e,3,1,屠,,唐人街,月亮河公园,先知,大副,飞行家,,,,,,,时空之影,,,佣兵,古董商,,,跛脚羊,,,气象学家,守墓人,,,火灾调查员,,病患,,空军,幸运儿,歌剧演员,闪现,传送,客,0,drop,气象学家,1.73,0,1,1,61,淘汰,maom,幸运儿,0,0,0,0,68,淘汰,libao,病患,2,0,2,0,52,出门,lconfid,守墓人,1.66,0,2,0,80,淘汰,7,56,n1e,时空之影,,咒术师,,
12,4,2025-10-05_1800_WBG_vs_TE_R4_G2,WBG vs TE,TE,WBG,2,2,平局,2025,IVL秋季赛常规赛,2025-10-05,1800,WBG,TE,2,客,TE,ppei,2,2,平,,唐人街,月亮河公园,魔术师,大副,气象学家,,,,,,,时空之影,,,先知,古董商,,,跛脚羊,,,佣兵,弓箭手,,,入殓师,,哭泣小丑,,园丁,火灾调查员,歌剧演员,闪现,传送,客,0,koting,哭泣小丑,1.27,0,1,0,65,出门,guoker,火灾调查员,2.23,0,1,0,42,淘汰,huiyi,佣兵,2.15,0,1,0,7,出门,persica,弓箭手,0,0,0,0,72,淘汰,6,38,n1e,时空之影,,法罗女士,,
13,1,2025-10-06_1400_MRC_vs_DOU5_R1_G1,MRC vs DOU5,MRC,DOU5,5,0,监管胜,2025,IVL秋季赛常规赛,2025-10-06,1400,MRC,DOU5,1,主,MRC,bailu,5,0,屠,湖景村,月亮河公园,永眠镇,,,,,,,,,,,,,先知,咒术师,,,,,,古董商,木偶师,,,守墓人,,大副,,幸运儿,冒险家,时空之影,闪现,未携带,主,2,czai,古董商,0,0,0,0,43,淘汰,chen,木偶师,1.07,0,0,0,25,淘汰,楠,大副,0.52,0,0,0,42,淘汰,silverzhi,冒险家,2.24,0,1,0,21,淘汰,4,51,bailu,杂货商,,,,
13,2,2025-10-06_1400_MRC_vs_DOU5_R2_G1,MRC vs DOU5,DOU5,MRC,1,3,求生胜,2025,IVL秋季赛常规赛,2025-10-06,1400,MRC,DOU5,1,客,DOU5,mhxm,3,1,人,湖景村,月亮河公园,永眠镇,,,,,,,,,,,,,咒术师,冒险家,,,,,,木偶师,教授,,,幸运儿,,机械师,,大副,守墓人,雕刻家,失常,传送,主,0,xiaox,守墓人,1.41,0,1,0,35,出门,huac,木偶师,2,0,1,0,18,出门,nanako,教授,2,0,0,0,53,出门,xiaod,机械师,0.83,1,0,0,67,淘汰,4,35,bailu,杂货商,,,,
13,3,2025-10-06_1400_MRC_vs_DOU5_R3_G2,MRC vs DOU5,MRC,DOU5,2,2,平局,2025,IVL秋季赛常规赛,2025-10-06,1400,MRC,DOU5,2,主,MRC,bailu,2,2,平,,湖景村,月亮河公园,古董商,木偶师,大副,,,,,,,时空之影,,,先知,佣兵,,,跛脚羊,,,守墓人,病患,,,气象学家,,飞行家,,空军,法罗女士,歌剧演员,闪现,传送,客,0,czai,飞行家,0,0,0,0,77,淘汰,chen,病患,1.1,0,1,0,42,出门,楠,守墓人,1.13,0,2,0,87,淘汰,silverzhi,法罗女士,3,0,0,1,0,出门,6,4,bailu,杂货商,,冒险家,,
13,4,2025-10-06_1400_MRC_vs_DOU5_R4_G2,MRC vs DOU5,DOU5,MRC,5,0,监管胜,2025,IVL秋季赛常规赛,2025-10-06,1400,MRC,DOU5,2,客,DOU5,mhxm,0,5,屠,,湖景村,月亮河公园,木偶师,教授,机械师,,,,,,,雕刻家,,,先知,古董商,,,跛脚羊,,,气象学家,火灾调查员,,,大副,,佣兵,,入殓师,飞行家,歌剧演员,闪现,传送,客,0,xiaox,佣兵,1.21,1,1,0,46,淘汰,huac,飞行家,2,0,1,0,18,淘汰,nanako,火灾调查员,0,0,0,0,62,淘汰,xiaod,气象学家,1.96,0,1,0,42,淘汰,5,43,bailu,杂货商,,守墓人,,
13,5,2025-10-06_1400_MRC_vs_DOU5_R5_G3,MRC vs DOU5,DOU5,MRC,1,3,求生胜,2025,IVL秋季赛常规赛,2025-10-06,1400,MRC,DOU5,3,客,DOU5,yan,3,1,人,,军工厂,湖景村,气象学家,火灾调查员,佣兵,木偶师,教授,机械师,,,,歌剧演员,雕刻家,,逃脱大师,先知,,,时空之影,跛脚羊,,大副,幸运儿,,,心理学家,,入殓师,,昆虫学者,古董商,杂货商,移形,传送,主,0,xiaox,大副,1.51,0,1,0,82,出门,huac,幸运儿,2,0,0,0,29,出门,nanako,古董商,0,0,0,0,60,淘汰,xiaod,入殓师,2,0,1,0,0,出门,5,19,bailu,杂货商,,飞行家,守墓人,
13,6,2025-10-06_1400_MRC_vs_DOU5_R6_G3,MRC vs DOU5,MRC,DOU5,5,0,监管胜,2025,IVL秋季赛常规赛,2025-10-06,1400,MRC,DOU5,3,主,MRC,bailu,5,0,屠,,军工厂,湖景村,守墓人,病患,飞行家,古董商,木偶师,大副,,,,歌剧演员,时空之影,,先知,逃脱大师,,,跛脚羊,喧嚣,,火灾调查员,幸运儿,,,气象学家,,小说家,,前锋,佣兵,杂货商,移形,传送,主,0,czai,小说家,2,0,0,0,28,淘汰,chen,火灾调查员,1.43,0,1,2,76,淘汰,楠,佣兵,2,0,1,0,58,淘汰,silverzhi,幸运儿,0,0,0,0,95,淘汰,7,25,bailu,杂货商,,法罗女士,冒险家,
14,1,2025-10-06_1600_GR_vs_ACT_R1_G1,GR vs ACT,ACT,GR,3,1,监管胜,2025,IVL秋季赛常规赛,2025-10-06,1600,GR,ACT,1,客,ACT,zz9,1,3,屠,红教堂,里奥的回忆,湖景村,,,,,,,,,,,,,先知,教授,,,,,,大副,气象学家,,,木偶师,,咒术师,,幸运儿,魔术师,杂货商,移形,传送,主,0,ac,气象学家,0,0,0,0,105,淘汰,heart,大副,2.64,0,2,0,58,淘汰,red,魔术师,1.47,0,1,1,62,淘汰,ak,咒术师,1.04,1,4,0,103,出门,7,43,red,杂技演员,,,,
14,2,2025-10-06_1600_GR_vs_ACT_R2_G1,GR vs ACT,GR,ACT,2,2,平局,2025,IVL秋季赛常规赛,2025-10-06,1600,GR,ACT,1,主,GR,jin,2,2,平,红教堂,里奥的回忆,湖景村,,,,,,,,,,,,,古董商,教授,,,,,,咒术师,大副,,,幸运儿,,木偶师,,气象学家,飞行家,歌剧演员,移形,传送,主,0,eleven,大副,1.4,0,1,0,61,淘汰,gougou,咒术师,2.34,0,0,0,0,出门,xy,木偶师,1.95,0,0,0,44,出门,xmiao5,飞行家,0,1,0,0,70,淘汰,6,2,red,杂技演员,,,,
14,3,2025-10-06_1600_GR_vs_ACT_R3_G2,GR vs ACT,GR,ACT,5,0,监管胜,2025,IVL秋季赛常规赛,2025-10-06,1600,GR,ACT,2,主,GR,jin,5,0,屠,,不归林,永眠镇,咒术师,大副,木偶师,,,,,,,歌剧演员,,,入殓师,空军,,,26号守卫,,,先知,古董商,,,机械师,,幸运儿,,逃脱大师,守墓人,时空之影,闪现,未携带,客,0,eleven,守墓人,1.9,0,1,0,35,淘汰,gougou,先知,2.5,0,1,0,90,淘汰,xy,古董商,2.25,0,1,0,37,淘汰,xmiao5,幸运儿,0,0,0,0,106,淘汰,8,22,red,杂技演员,,飞行家,,
14,4,2025-10-06_1600_GR_vs_ACT_R4_G2,GR vs ACT,ACT,GR,1,3,求生胜,2025,IVL秋季赛常规赛,2025-10-06,1600,GR,ACT,2,客,ACT,zz9,3,1,人,,不归林,永眠镇,大副,气象学家,咒术师,,,,,,,杂货商,,,先知,古董商,,,跛脚羊,,,佣兵,入殓师,,,空军,,火灾调查员,,幸运儿,杂技演员,时空之影,闪现,未携带,客,0,ac,火灾调查员,0.02,0,0,0,87,淘汰,heart,佣兵,2.26,0,1,0,44,出门,red,杂技演员,2.37,0,0,0,172,出门,ak,入殓师,1.67,0,1,0,59,出门,8,35,red,杂技演员,,魔术师,,
14,5,2025-10-06_1600_GR_vs_ACT_R5_G3,GR vs ACT,GR,ACT,2,2,平局,2025,IVL秋季赛常规赛,2025-10-06,1600,GR,ACT,3,主,GR,jin,2,2,平,,红教堂,军工厂,先知,古董商,幸运儿,咒术师,大副,木偶师,,,,时空之影,歌剧演员,,前锋,冒险家,,,跛脚羊,26号守卫,,火灾调查员,逃脱大师,,,机械师,,气象学家,,空军,拉拉队员,喧嚣,移形,未携带,主,0,eleven,逃脱大师,1.68,0,0,0,60,出门,gougou,火灾调查员,0,0,0,0,92,淘汰,xy,拉拉队员,1.51,1,1,0,66,淘汰,xmiao5,气象学家,2.11,0,1,0,23,出门,5,31,red,杂技演员,,守墓人,飞行家,
14,6,2025-10-06_1600_GR_vs_ACT_R6_G3,GR vs ACT,ACT,GR,1,3,求生胜,2025,IVL秋季赛常规赛,2025-10-06,1600,GR,ACT,3,客,ACT,zz9,3,1,人,,红教堂,军工厂,佣兵,入殓师,火灾调查员,大副,气象学家,咒术师,,,,时空之影,杂货商,,先知,冒险家,,,跛脚羊,喧嚣,,古董商,囚徒,,,心理学家,,守墓人,,幸运儿,病患,梦之女巫,闪现,未携带,主,0,ac,囚徒,0,0,0,0,68,淘汰,heart,守墓人,1.32,0,1,0,25,出门,red,病患,2.13,0,0,0,0,出门,ak,古董商,1.57,0,1,0,6,出门,4,41,red,杂技演员,,杂技演员,魔术师,
15,1,2025-10-06_1800_FPX.ZQ_vs_GW_R1_G1,FPX.ZQ vs GW,FPX.ZQ,GW,2,2,平局,2025,IVL秋季赛常规赛,2025-10-06,1800,FPX.ZQ,GW,1,主,FPX.ZQ,dongx,2,2,平,月亮河公园,唐人街,红教堂,,,,,,,,,,,,,先知,教授,,,,,,咒术师,大副,,,木偶师,,幸运儿,,飞行家,气象学家,歌剧演员,闪现,传送,主,0,lancelot,幸运儿,1.77,0,0,1,60,出门,leil,气象学家,0,0,0,0,59,淘汰,lion,大副,1.14,1,1,0,66,淘汰,unicorn,咒术师,2.15,0,1,0,2,出门,5,48,yuan,木偶师,,,,
15,2,2025-10-06_1800_FPX.ZQ_vs_GW_R2_G1,FPX.ZQ vs GW,GW,FPX.ZQ,1,3,求生胜,2025,IVL秋季赛常规赛,2025-10-06,1800,FPX.ZQ,GW,1,客,GW,ali,3,1,人,月亮河公园,唐人街,红教堂,,,,,,,,,,,,,咒术师,古董商,,,,,,木偶师,幸运儿,,,教授,,大副,,气象学家,魔术师,杂货商,闪现,传送,主,0,stian,魔术师,2.22,0,1,0,16,出门,yuan,木偶师,2.13,0,0,0,69,出门,lin,幸运儿,0,0,0,0,67,淘汰,yihua,大副,2.54,0,1,0,29,出门,5,21,yuan,木偶师,,,,
15,3,2025-10-06_1800_FPX.ZQ_vs_GW_R3_G2,FPX.ZQ vs GW,FPX.ZQ,GW,2,2,平局,2025,IVL秋季赛常规赛,2025-10-06,1800,FPX.ZQ,GW,2,主,FPX.ZQ,dongx,2,2,平,,唐人街,月亮河公园,咒术师,大副,幸运儿,,,,,,,歌剧演员,,,先知,火灾调查员,,,跛脚羊,,,佣兵,飞行家,,,小说家,,入殓师,,弓箭手,空军,喧嚣,传送,未携带,客,0,lancelot,飞行家,0,0,0,0,116,淘汰,leil,空军,1.98,0,0,0,15,出门,lion,佣兵,1,0,2,0,67,淘汰,unicorn,入殓师,2.02,0,1,0,34,出门,5,12,yuan,木偶师,,气象学家,,
15,4,2025-10-06_1800_FPX.ZQ_vs_GW_R4_G2,FPX.ZQ vs GW,GW,FPX.ZQ,1,3,求生胜,2025,IVL秋季赛常规赛,2025-10-06,1800,FPX.ZQ,GW,2,客,GW,ali,3,1,人,,唐人街,月亮河公园,木偶师,幸运儿,大副,,,,,,,杂货商,,,古董商,先知,,,跛脚羊,,,小说家,飞行家,,,佣兵,,野人,,火灾调查员,哭泣小丑,喧嚣,移形,未携带,客,0,stian,哭泣小丑,0.14,0,0,0,96,出门,yuan,飞行家,2.15,0,0,0,23,出门,lin,小说家,1.95,0,0,0,18,出门,yihua,野人,1.05,1,1,0,43,淘汰,5,26,yuan,木偶师,,魔术师,,
16,1,2025-10-10_1400_GR_vs_MRC_R1_G1,GR vs MRC,MRC,GR,2,2,平局,2025,IVL秋季赛常规赛,2025-10-10,1400,GR,MRC,1,客,MRC,bailu,2,2,平,红教堂,唐人街,湖景村,,,,,,,,,,,,,先知,气象学家,,,,,,木偶师,教授,,,大副,,守墓人,,古董商,幸运儿,歌剧演员,闪现,传送,主,0,ac,木偶师,0,0,0,0,49,淘汰,heart,守墓人,0.82,0,1,0,72,出门,red,教授,1.92,0,1,0,57,淘汰,ak,幸运儿,2.27,0,0,1,0,出门,5,9,nanako,小说家,,,,
16,2,2025-10-10_1400_GR_vs_MRC_R2_G1,GR vs MRC,GR,MRC,3,1,监管胜,2025,IVL秋季赛常规赛,2025-10-10,1400,GR,MRC,1,主,GR,jin,3,1,屠,红教堂,唐人街,湖景村,,,,,,,,,,,,,古董商,咒术师,,,,,,冒险家,大副,,,教授,,木偶师,,先知,骑士,跛脚羊,闪现,传送,主,0,xiaox,大副,1.33,0,1,0,65,淘汰,huac,木偶师,2.22,0,0,1,57,淘汰,nanako,骑士,2.1,0,2,0,51,出门,xiaod,冒险家,0,0,0,0,100,淘汰,6,21,nanako,小说家,,,,
16,3,2025-10-10_1400_GR_vs_MRC_R3_G2,GR vs MRC,MRC,GR,2,2,平局,2025,IVL秋季赛常规赛,2025-10-10,1400,GR,MRC,2,客,MRC,bailu,2,2,平,,不归林,永眠镇,木偶师,教授,守墓人,,,,,,,歌剧演员,,,先知,入殓师,,,跛脚羊,,,火灾调查员,气象学家,,,飞行家,,大副,,空军,心理学家,喧嚣,移形,未携带,客,0,ac,气象学家,1.8,0,2,0,15,出门,heart,大副,1.52,0,1,0,61,出门,red,心理学家,2.21,0,1,0,60,淘汰,ak,火灾调查员,0,0,0,0,87,淘汰,6,5,nanako,小说家,,幸运儿,,
16,4,2025-10-10_1400_GR_vs_MRC_R4_G2,GR vs MRC,GR,MRC,1,3,求生胜,2025,IVL秋季赛常规赛,2025-10-10,1400,GR,MRC,2,主,GR,jin,1,3,人,,不归林,永眠镇,冒险家,大副,木偶师,,,,,,,跛脚羊,,,先知,逃脱大师,,,喧嚣,,,气象学家,火灾调查员,,,佣兵,,守墓人,,入殓师,飞行家,时空之影,闪现,未携带,客,0,xiaox,守墓人,0.07,0,0,0,148,淘汰,huac,飞行家,1.82,0,1,0,75,出门,nanako,火灾调查员,2.01,0,1,0,24,出门,xiaod,气象学家,1.33,0,1,0,69,出门,7,34,nanako,小说家,,骑士,,
16,5,2025-10-10_1400_GR_vs_MRC_R5_G3,GR vs MRC,MRC,GR,1,3,求生胜,2025,IVL秋季赛常规赛,2025-10-10,1400,GR,MRC,3,客,MRC,bailu,3,1,人,,军工厂,月亮河公园,火灾调查员,气象学家,大副,木偶师,教授,守墓人,,,,喧嚣,歌剧演员,,弓箭手,逃脱大师,,,跛脚羊,时空之影,,佣兵,小说家,,,机械师,,病患,,杂技演员,小女孩,杂货商,移形,传送,主,0,ac,小女孩,2.06,0,1,0,31,出门,heart,佣兵,1.63,0,1,0,17,出门,red,小说家,0,0,0,0,159,淘汰,ak,病患,1.92,0,0,0,0,出门,4,45,nanako,小说家,,心理学家,幸运儿,
16,6,2025-10-10_1400_GR_vs_MRC_R6_G3,GR vs MRC,GR,MRC,1,3,求生胜,2025,IVL秋季赛常规赛,2025-10-10,1400,GR,MRC,3,主,GR,jin,1,3,人,,军工厂,月亮河公园,气象学家,火灾调查员,守墓人,冒险家,大副,木偶师,,,,时空之影,跛脚羊,,先知,逃脱大师,,,歌剧演员,喧嚣,,幸运儿,前锋,,,入殓师,,机械师,,弓箭手,小说家,26号守卫,移形,兴奋,主,0,xiaox,前锋,0.43,0,1,0,115,出门,huac,幸运儿,0,0,0,0,137,淘汰,nanako,小说家,2.27,0,1,0,24,出门,xiaod,机械师,2.55,0,1,2,11,出门,5,49,nanako,小说家,,飞行家,骑士,
16,7,2025-10-10_1400_GR_vs_MRC_R7_G加,GR vs MRC,GR,MRC,2,2,平局,2025,IVL秋季赛常规赛,2025-10-10,1400,GR,MRC,加,主,GR,jin,2,2,平,,,红教堂,幸运儿,前锋,机械师,气象学家,火灾调查员,守墓人,冒险家,大副,木偶师,26号守卫,时空之影,跛脚羊,弓箭手,古董商,,,歌剧演员,喧嚣,,野人,咒术师,,,勘探员,,先知,,教授,小女孩,杂货商,移形,未使用,客,0,xiaox,野人,1.26,0,1,2,61,出门,huac,先知,0.28,0,0,0,59,淘汰,nanako,咒术师,2.05,0,2,1,91,淘汰,xiaod,小女孩,1.41,0,1,0,82,出门,6,51,nanako,小说家,,小说家,飞行家,骑士
16,8,2025-10-10_1400_GR_vs_MRC_R8_G加,GR vs MRC,MRC,GR,2,2,平局,2025,IVL秋季赛常规赛,2025-10-10,1400,GR,MRC,加,客,MRC,bailu,2,2,平,,,红教堂,佣兵,小说家,病患,火灾调查员,气象学家,大副,木偶师,教授,守墓人,杂货商,喧嚣,歌剧演员,先知,前锋,,,跛脚羊,时空之影,,逃脱大师,机械师,,,弓箭手,,空军,,杂技演员,邮差,记录员,闪现,移形,客,0,ac,邮差,1.66,0,3,0,135,出门,heart,逃脱大师,0,0,0,0,134,淘汰,red,机械师,2.02,0,0,0,77,淘汰,ak,空军,1.48,0,1,0,91,出门,9,23,nanako,小说家,,小女孩,心理学家,幸运儿
17,1,2025-10-10_1600_WBG_vs_FPX.ZQ_R1_G1,WBG vs FPX.ZQ,FPX.ZQ,WBG,3,1,监管胜,2025,IVL秋季赛常规赛,2025-10-10,1600,WBG,FPX.ZQ,1,客,FPX.ZQ,dongx,1,3,屠,湖景村,月亮河公园,不归林,,,,,,,,,,,,,先知,大副,,,,,,守墓人,木偶师,,,弓箭手,,气象学家,,幸运儿,教授,歌剧演员,闪现,传送,主,0,koting,教授,1.74,0,1,0,59,淘汰,guoker,木偶师,0,0,0,0,94,淘汰,huiyi,守墓人,1.19,0,1,0,33,出门,persica,气象学家,2.07,0,1,0,52,淘汰,6,37,lin,教授,,,,
17,2,2025-10-10_1600_WBG_vs_FPX.ZQ_R2_G1,WBG vs FPX.ZQ,WBG,FPX.ZQ,2,2,平局,2025,IVL秋季赛常规赛,2025-10-10,1600,WBG,FPX.ZQ,1,主,WBG,n1e,2,2,平,湖景村,月亮河公园,不归林,,,,,,,,,,,,,先知,古董商,,,,,,木偶师,魔术师,,,大副,,守墓人,,幸运儿,入殓师,跛脚羊,失常,传送,主,0,stian,魔术师,1.73,1,1,1,88,出门,yuan,木偶师,0,0,0,0,59,淘汰,lin,入殓师,1.69,1,2,0,69,淘汰,yihua,守墓人,2.19,1,1,0,63,出门,7,40,lin,教授,,,,
17,3,2025-10-10_1600_WBG_vs_FPX.ZQ_R3_G2,WBG vs FPX.ZQ,WBG,FPX.ZQ,3,1,监管胜,2025,IVL秋季赛常规赛,2025-10-10,1600,WBG,FPX.ZQ,2,主,WBG,n1e,3,1,屠,,月亮河公园,里奥的回忆,木偶师,魔术师,守墓人,,,,,,,跛脚羊,,,大副,先知,,,时空之影,,,佣兵,空军,,,冒险家,,囚徒,,飞行家,哭泣小丑,歌剧演员,闪现,传送,客,0,stian,哭泣小丑,1.26,0,1,0,75,淘汰,yuan,空军,0.14,0,0,0,90,淘汰,lin,囚徒,2.29,0,2,0,43,出门,yihua,佣兵,2.16,0,2,0,65,淘汰,8,19,lin,教授,,入殓师,,
17,4,2025-10-10_1600_WBG_vs_FPX.ZQ_R4_G2,WBG vs FPX.ZQ,FPX.ZQ,WBG,1,3,求生胜,2025,IVL秋季赛常规赛,2025-10-10,1600,WBG,FPX.ZQ,2,客,FPX.ZQ,dongx,3,1,人,,月亮河公园,里奥的回忆,守墓人,木偶师,气象学家,,,,,,,歌剧演员,,,先知,火灾调查员,,,跛脚羊,,,大副,飞行家,,,幸运儿,,囚徒,,空军,拉拉队员,喧嚣,移形,未携带,客,0,koting,拉拉队员,2,0,0,0,0,出门,guoker,飞行家,2,0,1,0,22,出门,huiyi,大副,1,0,1,0,17,出门,persica,囚徒,0,2,0,0,141,淘汰,4,18,lin,教授,,教授,,
17,5,2025-10-10_1600_WBG_vs_FPX.ZQ_R5_G3,WBG vs FPX.ZQ,FPX.ZQ,WBG,2,2,平局,2025,IVL秋季赛常规赛,2025-10-10,1600,WBG,FPX.ZQ,3,客,FPX.ZQ,dongx,2,2,平,,圣心医院,红教堂,大副,飞行家,囚徒,守墓人,木偶师,气象学家,,,,喧嚣,歌剧演员,,先知,幸运儿,,,跛脚羊,记录员,,古董商,佣兵,,,火灾调查员,,空军,,小说家,心理学家,杂货商,兴奋,传送,主,0,koting,心理学家,1.47,0,1,0,64,出门,guoker,古董商,0,0,0,0,60,淘汰,huiyi,佣兵,1.42,0,2,0,64,淘汰,persica,空军,2.86,0,1,0,40,出门,7,43,lin,教授,,拉拉队员,教授,
17,6,2025-10-10_1600_WBG_vs_FPX.ZQ_R6_G3,WBG vs FPX.ZQ,WBG,FPX.ZQ,1,3,求生胜,2025,IVL秋季赛常规赛,2025-10-10,1600,WBG,FPX.ZQ,3,主,WBG,n1e,1,3,人,,圣心医院,红教堂,佣兵,空军,囚徒,木偶师,魔术师,守墓人,,,,歌剧演员,跛脚羊,,先知,冒险家,,,时空之影,喧嚣,,气象学家,大副,,,幸运儿,,教授,,火灾调查员,古董商,26号守卫,闪现,未携带,主,0,stian,古董商,0,0,0,0,145,淘汰,yuan,气象学家,2.08,0,0,2,4,出门,lin,教授,1.98,0,1,0,25,出门,yihua,大副,1.15,0,1,0,8,出门,4,36,lin,教授,,哭泣小丑,入殓师,
18,1,2025-10-10_1800_Wolves_vs_DOU5_R1_G1,Wolves vs DOU5,DOU5,Wolves,5,0,监管胜,2025,IVL秋季赛常规赛,2025-10-10,1800,Wolves,DOU5,1,客,DOU5,mhxm,0,5,屠,月亮河公园,唐人街,不归林,,,,,,,,,,,,,先知,咒术师,,,,,,幸运儿,木偶师,,,大副,,守墓人,,气象学家,教授,喧嚣,移形,未携带,主,0,tian,木偶师,2.62,0,0,0,19,淘汰,jelly,教授,0.08,0,0,0,77,淘汰,487,幸运儿,1.58,0,1,2,42,淘汰,xmx,守墓人,1.32,0,1,0,53,淘汰,5,43,487,勘探员,,,,
18,2,2025-10-10_1800_Wolves_vs_DOU5_R2_G1,Wolves vs DOU5,Wolves,DOU5,5,0,监管胜,2025,IVL秋季赛常规赛,2025-10-10,1800,Wolves,DOU5,1,主,Wolves,choai,5,0,屠,月亮河公园,唐人街,不归林,,,,,,,,,,,,,先知,古董商,,,,,,守墓人,幸运儿,,,木偶师,,气象学家,,教授,弓箭手,跛脚羊,失常,闪现,主,1,czai,弓箭手,2.62,0,0,0,21,淘汰,chen,幸运儿,1.4,0,1,1,50,淘汰,楠,守墓人,1.75,0,1,0,50,淘汰,silverzhi,气象学家,0,0,0,0,70,淘汰,5,33,487,勘探员,,,,
18,3,2025-10-10_1800_Wolves_vs_DOU5_R3_G2,Wolves vs DOU5,Wolves,DOU5,2,2,平局,2025,IVL秋季赛常规赛,2025-10-10,1800,Wolves,DOU5,2,主,Wolves,yeyv,2,2,平,,唐人街,月亮河公园,守墓人,幸运儿,气象学家,,,,,,,跛脚羊,,,飞行家,火灾调查员,,,歌剧演员,,,空军,病患,,,入殓师,,逃脱大师,,法罗女士,心理学家,喧嚣,移形,未携带,客,0,czai,空军,1.22,2,1,0,41,淘汰,chen,病患,2.32,0,0,0,5,出门,楠,逃脱大师,0,0,0,0,118,淘汰,silverzhi,心理学家,1.64,0,1,0,9,出门,4,30,487,勘探员,,弓箭手,,
18,4,2025-10-10_1800_Wolves_vs_DOU5_R4_G2,Wolves vs DOU5,DOU5,Wolves,1,3,求生胜,2025,IVL秋季赛常规赛,2025-10-10,1800,Wolves,DOU5,2,客,DOU5,mhxm,3,1,人,,唐人街,月亮河公园,幸运儿,木偶师,守墓人,,,,,,,喧嚣,,,先知,古董商,,,跛脚羊,,,野人,病患,,,空军,,小说家,,入殓师,弓箭手,歌剧演员,闪现,传送,客,0,tian,弓箭手,0,0,0,0,70,淘汰,jelly,病患,2.52,0,1,0,62,出门,487,小说家,2.46,1,0,1,46,出门,xmx,野人,0.62,0,2,1,83,出门,6,24,487,勘探员,,教授,,
18,5,2025-10-10_1800_Wolves_vs_DOU5_R5_G3,Wolves vs DOU5,Wolves,DOU5,2,2,平局,2025,IVL秋季赛常规赛,2025-10-10,1800,Wolves,DOU5,3,主,Wolves,choai,2,2,平,,唐人街,红教堂,空军,病患,逃脱大师,守墓人,幸运儿,气象学家,,,,喧嚣,跛脚羊,,先知,前锋,,,歌剧演员,时空之影,,飞行家,火灾调查员,,,小说家,,佣兵,,拉拉队员,勘探员,杂货商,闪现,传送,主,0,czai,勘探员,1.41,0,0,1,56,出门,chen,火灾调查员,2.12,0,2,1,43,出门,楠,佣兵,1.47,0,3,0,68,淘汰,silverzhi,飞行家,0,1,0,0,125,淘汰,8,21,487,勘探员,,心理学家,弓箭手,
18,6,2025-10-10_1800_Wolves_vs_DOU5_R6_G3,Wolves vs DOU5,DOU5,Wolves,0,5,求生胜,2025,IVL秋季赛常规赛,2025-10-10,1800,Wolves,DOU5,3,客,DOU5,yan,5,0,人,,唐人街,红教堂,野人,病患,小说家,幸运儿,木偶师,守墓人,,,,歌剧演员,喧嚣,,入殓师,逃脱大师,,,跛脚羊,梦之女巫,,勘探员,飞行家,,,大副,,佣兵,,心理学家,拉拉队员,时空之影,闪现,未携带,主,0,tian,飞行家,2.85,0,0,0,180,出门,jelly,拉拉队员,1,1,1,1,105,出门,487,勘探员,1.04,0,0,0,180,出门,xmx,佣兵,1.59,0,1,0,99,出门,9,47,487,勘探员,,弓箭手,教授,
19,1,2025-10-11_1400_ACT_vs_GG_R1_G1,ACT vs GG,GG,ACT,2,2,平局,2025,IVL秋季赛常规赛,2025-10-11,1400,ACT,GG,1,客,GG,xawm,2,2,平,月亮河公园,里奥的回忆,不归林,,,,,,,,,,,,,气象学家,教授,,,,,,守墓人,飞行家,,,幸运儿,,魔术师,,古董商,咒术师,杂货商,移形,传送,主,0,eleven,守墓人,1.72,0,1,0,80,出门,gougou,咒术师,1.82,0,0,1,56,淘汰,xy,魔术师,2.19,0,1,0,8,出门,xmiao5,飞行家,0,0,0,0,59,淘汰,5,45,xawm,破轮,,,,
19,2,2025-10-11_1400_ACT_vs_GG_R2_G1,ACT vs GG,ACT,GG,2,2,平局,2025,IVL秋季赛常规赛,2025-10-11,1400,ACT,GG,1,主,ACT,zz9,2,2,平,月亮河公园,里奥的回忆,不归林,,,,,,,,,,,,,先知,古董商,,,,,,大副,幸运儿,,,教授,,气象学家,,木偶师,魔术师,跛脚羊,窥视者,移形,主,0,ppz,魔术师,2.27,0,0,0,0,出门,18,幸运儿,0,0,0,0,47,淘汰,kucao,大副,1.5,0,2,0,52,出门,ppxia,气象学家,1.27,0,1,0,40,淘汰,5,28,xawm,破轮,,,,
19,3,2025-10-11_1400_ACT_vs_GG_R3_G2,ACT vs GG,GG,ACT,3,1,监管胜,2025,IVL秋季赛常规赛,2025-10-11,1400,ACT,GG,2,客,GG,qiu,1,3,屠,,红教堂,月亮河公园,守墓人,飞行家,魔术师,,,,,,,杂货商,,,先知,古董商,,,跛脚羊,,,园丁,气象学家,,,火灾调查员,,哭泣小丑,,佣兵,野人,喧嚣,移形,未携带,客,0,eleven,野人,1.49,0,1,0,58,淘汰,gougou,园丁,1.76,0,0,0,38,淘汰,xy,气象学家,0,0,0,0,85,淘汰,xmiao5,哭泣小丑,2,0,1,0,17,出门,5,41,xawm,破轮,,咒术师,,
19,4,2025-10-11_1400_ACT_vs_GG_R4_G2,ACT vs GG,ACT,GG,3,1,监管胜,2025,IVL秋季赛常规赛,2025-10-11,1400,ACT,GG,2,主,ACT,zz9,3,1,屠,,红教堂,月亮河公园,大副,幸运儿,气象学家,,,,,,,跛脚羊,,,先知,古董商,,,歌剧演员,,,逃脱大师,火灾调查员,,,空军,,心理学家,,飞行家,入殓师,时空之影,移形,未使用,客,0,ppz,火灾调查员,3,0,0,0,29,出门,18,入殓师,0,0,1,0,73,淘汰,kucao,逃脱大师,1.72,0,1,0,88,淘汰,ppxia,心理学家,1.54,0,0,0,35,淘汰,7,37,xawm,破轮,,魔术师,,
19,5,2025-10-11_1400_ACT_vs_GG_R5_G3,ACT vs GG,GG,ACT,5,0,监管胜,2025,IVL秋季赛常规赛,2025-10-11,1400,ACT,GG,3,客,GG,xawm,0,5,屠,,里奥的回忆,永眠镇,园丁,气象学家,哭泣小丑,守墓人,飞行家,魔术师,,,,喧嚣,杂货商,,先知,祭司,,,时空之影,跛脚羊,,逃脱大师,火灾调查员,,,弓箭手,,病患,,幸运儿,古董商,破轮,闪现,窥视者,主,1,eleven,逃脱大师,2,0,1,0,13,淘汰,gougou,火灾调查员,1.06,0,1,0,77,淘汰,xy,古董商,1.41,0,0,0,41,淘汰,xmiao5,病患,0.18,0,0,0,75,淘汰,5,3,xawm,破轮,,野人,咒术师,
19,6,2025-10-11_1400_ACT_vs_GG_R6_G3,ACT vs GG,ACT,GG,1,3,求生胜,2025,IVL秋季赛常规赛,2025-10-11,1400,ACT,GG,3,主,ACT,zz9,1,3,人,,里奥的回忆,永眠镇,逃脱大师,火灾调查员,心理学家,大副,幸运儿,气象学家,,,,时空之影,跛脚羊,,先知,机械师,,,喧嚣,梦之女巫,,古董商,飞行家,,,昆虫学者,,记者,,邮差,佣兵,蜡像师,移形,未携带,主,0,ppz,记者,1.98,0,2,1,42,出门,18,飞行家,1.97,0,0,0,73,淘汰,kucao,佣兵,0.96,1,1,0,97,出门,ppxia,古董商,0.54,0,0,1,99,出门,8,22,xawm,破轮,,入殓师,魔术师,
20,1,2025-10-11_1600_MRC_vs_FPX.ZQ_R1_G1,MRC vs FPX.ZQ,FPX.ZQ,MRC,1,3,求生胜,2025,IVL秋季赛常规赛,2025-10-11,1600,MRC,FPX.ZQ,1,客,FPX.ZQ,dongx,3,1,人,湖景村,月亮河公园,里奥的回忆,,,,,,,,,,,,,先知,咒术师,,,,,,骑士,木偶师,,,幸运儿,,大副,,冒险家,机械师,歌剧演员,闪现,传送,主,0,xiaox,大副,2,0,1,0,30,出门,huac,木偶师,2,1,0,0,93,淘汰,nanako,骑士,1,0,1,0,60,出门,xiaod,机械师,0,0,0,0,158,出门,5,22,bailu,跛脚羊,,,,
20,2,2025-10-11_1600_MRC_vs_FPX.ZQ_R2_G1,MRC vs FPX.ZQ,MRC,FPX.ZQ,5,0,监管胜,2025,IVL秋季赛常规赛,2025-10-11,1600,MRC,FPX.ZQ,1,主,MRC,bailu,5,0,屠,湖景村,月亮河公园,里奥的回忆,,,,,,,,,,,,,先知,教授,,,,,,木偶师,咒术师,,,古董商,,幸运儿,,守墓人,大副,歌剧演员,闪现,传送,主,2,stian,咒术师,1,1,2,1,65,淘汰,yuan,木偶师,0,0,0,0,51,淘汰,lin,幸运儿,1.91,0,1,2,64,淘汰,yihua,大副,1.01,1,2,0,70,淘汰,6,51,bailu,跛脚羊,,,,
20,3,2025-10-11_1600_MRC_vs_FPX.ZQ_R3_G2,MRC vs FPX.ZQ,MRC,FPX.ZQ,5,0,监管胜,2025,IVL秋季赛常规赛,2025-10-11,1600,MRC,FPX.ZQ,2,主,MRC,bailu,5,0,屠,,不归林,军工厂,木偶师,咒术师,幸运儿,,,,,,,歌剧演员,,,先知,空军,,,时空之影,,,前锋,冒险家,,,教授,,魔术师,,机械师,园丁,跛脚羊,兴奋,传送,客,3,stian,园丁,2.25,1,1,2,56,淘汰,yuan,魔术师,0.28,0,1,0,77,淘汰,lin,前锋,0.52,0,1,0,126,淘汰,yihua,冒险家,0.01,0,0,0,40,淘汰,6,18,bailu,跛脚羊,,大副,,
20,4,2025-10-11_1600_MRC_vs_FPX.ZQ_R4_G2,MRC vs FPX.ZQ,FPX.ZQ,MRC,1,3,求生胜,2025,IVL秋季赛常规赛,2025-10-11,1600,MRC,FPX.ZQ,2,客,FPX.ZQ,dongx,3,1,人,,不归林,军工厂,骑士,木偶师,大副,,,,,,,歌剧演员,,,先知,入殓师,,,跛脚羊,,,佣兵,气象学家,,,空军,,幸运儿,,火灾调查员,勘探员,时空之影,闪现,传送,客,0,xiaox,佣兵,1,0,4,0,48,出门,huac,幸运儿,2.99,0,0,1,65,出门,nanako,勘探员,2,0,0,0,114,出门,xiaod,气象学家,0,0,0,0,97,淘汰,8,34,bailu,跛脚羊,,机械师,,
21,1,2025-10-11_1800_Wolves_vs_TE_R1_G1,Wolves vs TE,TE,Wolves,2,2,平局,2025,IVL秋季赛常规赛,2025-10-11,1800,Wolves,TE,1,客,TE,ppei,2,2,平,永眠镇,不归林,月亮河公园,,,,,,,,,,,,,古董商,先知,,,,,,木偶师,气象学家,,,幸运儿,,大副,,弓箭手,魔术师,歌剧演员,闪现,传送,主,0,tian,魔术师,0,0,0,0,71,淘汰,jelly,木偶师,1,0,2,0,42,出门,487,气象学家,3,0,0,0,7,出门,xmx,大副,1,0,2,0,72,淘汰,6,18,choai,小丑,,,,
21,2,2025-10-11_1800_Wolves_vs_TE_R2_G1,Wolves vs TE,Wolves,TE,5,0,监管胜,2025,IVL秋季赛常规赛,2025-10-11,1800,Wolves,TE,1,主,Wolves,choai,5,0,屠,永眠镇,不归林,月亮河公园,,,,,,,,,,,,,先知,古董商,,,,,,木偶师,气象学家,,,守墓人,,大副,,飞行家,园丁,跛脚羊,窥视者,传送,主,1,drop,气象学家,0,0,0,0,38,淘汰,maom,园丁,3,0,0,0,53,淘汰,libao,木偶师,1.64,0,1,0,29,淘汰,wei,大副,1,0,2,1,38,淘汰,6,48,choai,小丑,,,,
21,3,2025-10-11_1800_Wolves_vs_TE_R3_G2,Wolves vs TE,Wolves,TE,2,2,平局,2025,IVL秋季赛常规赛,2025-10-11,1800,Wolves,TE,2,主,Wolves,yeyv,2,2,平,,唐人街,湖景村,木偶师,气象学家,大副,,,,,,,跛脚羊,,,逃脱大师,火灾调查员,,,歌剧演员,,,先知,幸运儿,,,飞行家,,咒术师,,佣兵,守墓人,26号守卫,移形,传送,客,0,drop,咒术师,2.28,0,1,1,40,出门,maom,幸运儿,1.84,0,1,0,58,淘汰,libao,先知,0,0,0,0,101,淘汰,wei,守墓人,1.51,0,1,0,25,出门,6,15,choai,小丑,,园丁,,
21,4,2025-10-11_1800_Wolves_vs_TE_R4_G2,Wolves vs TE,TE,Wolves,2,2,平局,2025,IVL秋季赛常规赛,2025-10-11,1800,Wolves,TE,2,客,TE,ppei,2,2,平,,唐人街,湖景村,木偶师,气象学家,大副,,,,,,,歌剧演员,,,先知,逃脱大师,,,跛脚羊,,,守墓人,飞行家,,,幸运儿,,火灾调查员,,入殓师,机械师,喧嚣,移形,未携带,客,0,tian,飞行家,2,0,0,0,0,出门,jelly,机械师,2.46,0,0,2,2,出门,487,火灾调查员,0,0,0,0,84,淘汰,xmx,守墓人,0.57,1,1,0,114,淘汰,4,58,choai,小丑,,魔术师,,
21,5,2025-10-11_1800_Wolves_vs_TE_R5_G3,Wolves vs TE,Wolves,TE,5,0,监管胜,2025,IVL秋季赛常规赛,2025-10-11,1800,Wolves,TE,3,主,Wolves,choai,5,0,屠,,永眠镇,红教堂,先知,幸运儿,咒术师,木偶师,气象学家,大副,,,,26号守卫,跛脚羊,,火灾调查员,空军,,,歌剧演员,喧嚣,,佣兵,祭司,,,勘探员,,拉拉队员,,小说家,古董商,小丑,闪现,传送,主,2,drop,祭司,0.13,0,0,0,74,淘汰,maom,古董商,1.26,0,1,0,80,淘汰,libao,拉拉队员,1.72,0,0,0,58,淘汰,wei,佣兵,1.65,0,2,1,22,淘汰,6,30,choai,小丑,,守墓人,园丁,
21,6,2025-10-11_1800_Wolves_vs_TE_R6_G3,Wolves vs TE,TE,Wolves,3,1,监管胜,2025,IVL秋季赛常规赛,2025-10-11,1800,Wolves,TE,3,客,TE,suda,1,3,屠,,永眠镇,红教堂,守墓人,飞行家,火灾调查员,木偶师,气象学家,大副,,,,喧嚣,歌剧演员,,先知,拉拉队员,,,时空之影,记录员,,古董商,心理学家,,,咒术师,,野人,,教授,幸运儿,跛脚羊,窥视者,传送,主,0,tian,心理学家,1,0,2,0,73,淘汰,jelly,幸运儿,0,0,0,0,41,淘汰,487,古董商,2.91,0,1,2,85,淘汰,xmx,野人,2.1,0,2,0,100,出门,8,31,choai,小丑,,机械师,魔术师,
22,1,2025-10-12_1400_ACT_vs_WBG_R1_G1,ACT vs WBG,WBG,ACT,3,1,监管胜,2025,IVL秋季赛常规赛,2025-10-12,1400,ACT,WBG,1,客,WBG,n1e,1,3,屠,月亮河公园,唐人街,永眠镇,,,,,,,,,,,,,先知,古董商,,,,,,教授,木偶师,,,,,大副,,魔术师,气象学家,跛脚羊,闪现,失常,主,0,eleven,大副,0.89,1,3,0,88,淘汰,gougou,教授,0.38,0,0,0,53,淘汰,xy,木偶师,2.55,0,1,0,38,出门,xmiao5,气象学家,2.35,0,0,0,53,淘汰,6,13,guoker,古董商,,,,
22,2,2025-10-12_1400_ACT_vs_WBG_R2_G1,ACT vs WBG,ACT,WBG,2,2,平局,2025,IVL秋季赛常规赛,2025-10-12,1400,ACT,WBG,1,主,ACT,zz9,2,2,平,月亮河公园,唐人街,永眠镇,,,,,,,,,,,,,先知,大副,,,,,,木偶师,守墓人,,,教授,,魔术师,,气象学家,弓箭手,时空之影,闪现,未携带,主,0,koting,魔术师,2.28,0,1,0,29,出门,guoker,木偶师,2.01,0,1,0,59,出门,huiyi,守墓人,0,0,0,0,75,淘汰,persica,弓箭手,2.16,0,1,0,87,淘汰,7,35,guoker,古董商,,,,
22,3,2025-10-12_1400_ACT_vs_WBG_R3_G2,ACT vs WBG,ACT,WBG,1,3,求生胜,2025,IVL秋季赛常规赛,2025-10-12,1400,ACT,WBG,2,主,ACT,zz9,1,3,人,,不归林,红教堂,木偶师,守墓人,魔术师,,,,,,,时空之影,,,先知,气象学家,,,跛脚羊,,,幸运儿,古董商,,,逃脱大师,,大副,,心理学家,飞行家,杂货商,移形,未使用,客,0,koting,飞行家,2.57,0,1,1,13,出门,guoker,古董商,0.94,0,2,0,39,淘汰,huiyi,大副,2.22,0,1,0,25,出门,persica,幸运儿,0,0,0,0,139,出门,5,48,guoker,古董商,,弓箭手,,
22,4,2025-10-12_1400_ACT_vs_WBG_R4_G2,ACT vs WBG,WBG,ACT,2,2,平局,2025,IVL秋季赛常规赛,2025-10-12,1400,ACT,WBG,2,客,WBG,n1e,2,2,平,,不归林,红教堂,教授,木偶师,大副,,,,,,,跛脚羊,,,先知,古董商,,,时空之影,,,幸运儿,飞行家,,,哭泣小丑,,空军,,佣兵,逃脱大师,歌剧演员,闪现,传送,客,0,eleven,逃脱大师,0.26,0,1,0,86,淘汰,gougou,空军,2,0,0,0,46,出门,xy,幸运儿,1.46,0,1,0,68,淘汰,xmiao5,飞行家,1.56,0,1,0,48,出门,5,29,guoker,古董商,,气象学家,,
23,1,2025-10-12_1600_GW_vs_TE_R1_G1,GW vs TE,TE,GW,3,1,监管胜,2025,IVL秋季赛常规赛,2025-10-12,1600,GW,TE,1,客,TE,ppei,1,3,屠,永眠镇,不归林,湖景村,,,,,,,,,,,,,先知,古董商,,,,,,气象学家,幸运儿,,,咒术师,,弓箭手,,守墓人,大副,跛脚羊,闪现,传送,主,0,lancelot,弓箭手,2.33,0,1,0,42,淘汰,leil,气象学家,2,1,0,0,40,淘汰,lion,大副,1,1,1,0,55,出门,unicorn,幸运儿,0,0,0,0,117,淘汰,6,6,lancelot,教授,,,,
23,2,2025-10-12_1600_GW_vs_TE_R2_G1,GW vs TE,GW,TE,3,1,监管胜,2025,IVL秋季赛常规赛,2025-10-12,1600,GW,TE,1,主,GW,ali,3,1,屠,永眠镇,不归林,湖景村,,,,,,,,,,,,,古董商,幸运儿,,,,,,冒险家,木偶师,,,咒术师,,大副,,气象学家,飞行家,杂货商,闪现,未使用,主,0,drop,冒险家,1.34,0,1,0,38,淘汰,maom,木偶师,0.29,0,0,0,59,淘汰,libao,飞行家,2,0,1,0,43,淘汰,wei,大副,1.37,0,1,0,66,出门,6,34,lancelot,教授,,,,
23,3,2025-10-12_1600_GW_vs_TE_R3_G2,GW vs TE,GW,TE,2,2,平局,2025,IVL秋季赛常规赛,2025-10-12,1600,GW,TE,2,主,GW,ali,2,2,平,,唐人街,圣心医院,冒险家,木偶师,大副,,,,,,,杂货商,,,先知,古董商,,,26号守卫,,,咒术师,气象学家,,,教授,,守墓人,,幸运儿,园丁,跛脚羊,闪现,移形,客,0,drop,气象学家,2,0,0,0,0,出门,maom,咒术师,1.21,0,0,0,44,出门,libao,园丁,0.43,0,0,0,53,淘汰,wei,守墓人,1.36,0,2,0,89,淘汰,4,40,lancelot,教授,,飞行家,,
23,4,2025-10-12_1600_GW_vs_TE_R4_G2,GW vs TE,TE,GW,1,3,求生胜,2025,IVL秋季赛常规赛,2025-10-12,1600,GW,TE,2,客,TE,ppei,3,1,人,,唐人街,圣心医院,气象学家,幸运儿,弓箭手,,,,,,,跛脚羊,,,先知,咒术师,,,歌剧演员,,,飞行家,火灾调查员,,,小说家,,古董商,,囚徒,逃脱大师,杂货商,闪现,传送,客,0,lancelot,飞行家,1.35,0,1,0,15,出门,leil,火灾调查员,0,0,0,0,137,淘汰,lion,逃脱大师,1.65,0,1,0,32,出门,unicorn,古董商,2,0,0,0,24,出门,4,58,lancelot,教授,,大副,,
23,5,2025-10-12_1600_GW_vs_TE_R5_G3,GW vs TE,TE,GW,0,5,求生胜,2025,IVL秋季赛常规赛,2025-10-12,1600,GW,TE,3,客,TE,suda,5,0,人,,永眠镇,红教堂,飞行家,火灾调查员,古董商,气象学家,幸运儿,弓箭手,,,,杂货商,跛脚羊,,先知,拉拉队员,,,歌剧演员,时空之影,,佣兵,画家,,,法罗女士,,邮差,,空军,教授,记录员,移形,闪现,主,0,lancelot,教授,1.56,0,1,0,116,出门,leil,画家,1.2,0,1,1,66,出门,lion,佣兵,1.49,0,1,0,36,出门,unicorn,邮差,1.02,0,0,1,75,出门,6,25,lancelot,教授,,逃脱大师,大副,
23,6,2025-10-12_1600_GW_vs_TE_R6_G3,GW vs TE,GW,TE,5,0,监管胜,2025,IVL秋季赛常规赛,2025-10-12,1600,GW,TE,3,主,GW,ali,5,0,屠,,永眠镇,红教堂,咒术师,气象学家,守墓人,冒险家,木偶师,大副,,,,跛脚羊,杂货商,,先知,古董商,,,歌剧演员,喧嚣,,幸运儿,勘探员,,,逃脱大师,,前锋,,火灾调查员,弓箭手,26号守卫,闪现,兴奋,主,0,drop,弓箭手,2,0,2,1,85,淘汰,maom,勘探员,0.81,0,0,2,85,淘汰,libao,幸运儿,2.19,0,2,0,49,淘汰,wei,前锋,0.22,0,0,0,82,淘汰,7,10,lancelot,教授,,园丁,飞行家,
24,1,2025-10-12_1800_GR_vs_GG_R1_G1,GR vs GG,GG,GR,2,2,平局,2025,IVL秋季赛常规赛,2025-10-12,1800,GR,GG,1,客,GG,xawm,2,2,平,月亮河公园,里奥的回忆,湖景村,,,,,,,,,,,,,咒术师,气象学家,,,,,,教授,幸运儿,,,守墓人,,大副,,魔术师,木偶师,小丑,闪现,传送,主,0,ac,木偶师,2,0,1,0,74,淘汰,heart,大副,2,0,0,0,45,出门,red,教授,0.53,1,0,0,23,淘汰,ak,幸运儿,1.05,0,0,0,53,出门,6,31,jin,喧嚣,,,,
24,2,2025-10-12_1800_GR_vs_GG_R2_G1,GR vs GG,GR,GG,5,0,监管胜,2025,IVL秋季赛常规赛,2025-10-12,1800,GR,GG,1,主,GR,jin,5,0,屠,月亮河公园,里奥的回忆,湖景村,,,,,,,,,,,,,大副,古董商,,,,,,守墓人,气象学家,,,幸运儿,,木偶师,,冒险家,弓箭手,喧嚣,移形,未携带,主,1,ppz,弓箭手,1.91,0,0,2,53,淘汰,18,木偶师,1.35,0,2,0,44,淘汰,kucao,守墓人,0,1,0,0,99,淘汰,ppxia,气象学家,1.52,0,1,1,41,淘汰,6,33,jin,喧嚣,,,,
24,3,2025-10-12_1800_GR_vs_GG_R3_G2,GR vs GG,GR,GG,3,1,监管胜,2025,IVL秋季赛常规赛,2025-10-12,1800,GR,GG,2,主,GR,jin,3,1,屠,,不归林,月亮河公园,守墓人,气象学家,木偶师,,,,,,,喧嚣,,,先知,古董商,,,跛脚羊,,,空军,病患,,,佣兵,,大副,,入殓师,火灾调查员,歌剧演员,闪现,传送,客,0,ppz,火灾调查员,0,0,0,0,57,淘汰,18,病患,2,0,1,0,53,淘汰,kucao,大副,1.46,1,1,0,72,淘汰,ppxia,空军,2.35,0,1,0,28,出门,6,40,jin,喧嚣,,弓箭手,,
24,4,2025-10-12_1800_GR_vs_GG_R4_G2,GR vs GG,GG,GR,2,2,平局,2025,IVL秋季赛常规赛,2025-10-12,1800,GR,GG,2,客,GG,qiu,2,2,平,,不归林,月亮河公园,教授,幸运儿,大副,,,,,,,小丑,,,先知,古董商,,,跛脚羊,,,佣兵,病患,,,火灾调查员,,气象学家,,小女孩,弓箭手,歌剧演员,闪现,传送,客,0,ac,气象学家,3.07,0,0,1,13,出门,heart,佣兵,1.02,1,2,1,89,出门,red,弓箭手,0,0,0,0,74,淘汰,ak,病患,1.75,0,1,1,60,淘汰,6,31,jin,喧嚣,,木偶师,,
25,1,2025-10-17_1400_DOU5_vs_GW_R1_G1,DOU5 vs GW,GW,DOU5,2,2,平局,2025,IVL秋季赛常规赛,2025-10-17,1400,DOU5,GW,1,客,GW,ali,2,2,平,月亮河公园,唐人街,里奥的回忆,,,,,,,,,,,,,先知,古董商,,,,,,魔术师,咒术师,,,幸运儿,,大副,,气象学家,木偶师,杂货商,闪现,兴奋,主,0,czai,咒术师,2,0,0,0,41,出门,chen,魔术师,1.18,0,1,0,86,淘汰,楠,大副,1.82,0,1,0,31,出门,silverzhi,木偶师,0,0,0,0,81,淘汰,5,11,mhxm,喧嚣,,,,
25,2,2025-10-17_1400_DOU5_vs_GW_R2_G1,DOU5 vs GW,DOU5,GW,2,2,平局,2025,IVL秋季赛常规赛,2025-10-17,1400,DOU5,GW,1,主,DOU5,mhxm,2,2,平,月亮河公园,唐人街,里奥的回忆,,,,,,,,,,,,,先知,古董商,,,,,,弓箭手,魔术师,,,幸运儿,,飞行家,,守墓人,大副,跛脚羊,窥视者,传送,主,0,lancelot,弓箭手,2,0,1,0,25,淘汰,leil,飞行家,0,0,0,0,99,淘汰,lion,大副,1.28,0,1,0,19,出门,unicorn,魔术师,1.96,0,1,0,36,出门,5,43,mhxm,喧嚣,,,,
25,3,2025-10-17_1400_DOU5_vs_GW_R3_G2,DOU5 vs GW,GW,DOU5,2,2,平局,2025,IVL秋季赛常规赛,2025-10-17,1400,DOU5,GW,2,客,GW,ali,2,2,平,,不归林,月亮河公园,魔术师,咒术师,大副,,,,,,,杂货商,,,先知,古董商,,,跛脚羊,,,空军,飞行家,,,佣兵,,守墓人,,入殓师,病患,歌剧演员,移形,传送,客,0,czai,飞行家,2,0,1,0,22,淘汰,chen,病患,2,0,0,0,0,出门,楠,守墓人,1.16,0,1,0,27,出门,silverzhi,空军,0,0,0,0,91,淘汰,4,27,mhxm,喧嚣,,木偶师,,
25,4,2025-10-17_1400_DOU5_vs_GW_R4_G2,DOU5 vs GW,DOU5,GW,5,0,监管胜,2025,IVL秋季赛常规赛,2025-10-17,1400,DOU5,GW,2,主,DOU5,mhxm,5,0,屠,,不归林,月亮河公园,弓箭手,魔术师,飞行家,,,,,,,跛脚羊,,,先知,逃脱大师,,,歌剧演员,,,佣兵,火灾调查员,,,幸运儿,,气象学家,,入殓师,病患,喧嚣,移形,未携带,客,1,lancelot,病患,0,0,0,0,100,淘汰,leil,气象学家,1,0,1,1,52,淘汰,lion,佣兵,1.66,0,2,0,39,淘汰,unicorn,火灾调查员,2.33,0,0,0,20,淘汰,5,27,mhxm,喧嚣,,大副,,
25,5,2025-10-17_1400_DOU5_vs_GW_R5_G3,DOU5 vs GW,GW,DOU5,1,3,求生胜,2025,IVL秋季赛常规赛,2025-10-17,1400,DOU5,GW,3,客,GW,ali,3,1,人,,军工厂,永眠镇,空军,飞行家,守墓人,魔术师,咒术师,大副,,,,歌剧演员,杂货商,,先知,古董商,,,跛脚羊,26号守卫,,逃脱大师,幸运儿,,,火灾调查员,,杂技演员,,弓箭手,小说家,破轮,闪现,窥视者,主,0,czai,小说家,2,0,0,0,28,出门,chen,杂技演员,0.1,0,0,0,166,淘汰,楠,逃脱大师,1,0,1,0,41,出门,silverzhi,幸运儿,1.9,0,1,0,32,出门,4,30,mhxm,喧嚣,,病患,木偶师,
25,6,2025-10-17_1400_DOU5_vs_GW_R6_G3,DOU5 vs GW,DOU5,GW,5,0,监管胜,2025,IVL秋季赛常规赛,2025-10-17,1400,DOU5,GW,3,主,DOU5,yan,5,0,屠,,军工厂,永眠镇,佣兵,火灾调查员,气象学家,弓箭手,魔术师,飞行家,,,,喧嚣,跛脚羊,,先知,逃脱大师,,,时空之影,梦之女巫,,幸运儿,前锋,,,拉拉队员,,入殓师,,画家,勘探员,杂货商,移形,兴奋,主,1,lancelot,前锋,0.63,0,2,0,109,淘汰,leil,幸运儿,1.78,0,0,1,17,淘汰,lion,入殓师,1.94,0,3,2,99,淘汰,unicorn,勘探员,1,1,1,0,52,淘汰,8,36,mhxm,喧嚣,,病患,大副,
26,1,2025-10-17_1600_Wolves_vs_FPX.ZQ_R1_G1,Wolves vs FPX.ZQ,FPX.ZQ,Wolves,5,0,监管胜,2025,IVL秋季赛常规赛,2025-10-17,1600,Wolves,FPX.ZQ,1,客,FPX.ZQ,dongx,0,5,屠,湖景村,月亮河公园,里奥的回忆,,,,,,,,,,,,,先知,咒术师,,,,,,大副,木偶师,,,教授,,飞行家,,弓箭手,小说家,跛脚羊,闪现,传送,主,2,tian,木偶师,1.35,0,1,0,22,淘汰,jelly,飞行家,0.12,0,0,0,53,淘汰,487,小说家,1.7,0,0,0,42,淘汰,xmx,大副,1.73,1,0,0,82,淘汰,7,0,487,勘探员,,,,
26,2,2025-10-17_1600_Wolves_vs_FPX.ZQ_R2_G1,Wolves vs FPX.ZQ,Wolves,FPX.ZQ,3,1,监管胜,2025,IVL秋季赛常规赛,2025-10-17,1600,Wolves,FPX.ZQ,1,主,Wolves,choai,3,1,屠,湖景村,月亮河公园,里奥的回忆,,,,,,,,,,,,,先知,古董商,,,,,,幸运儿,木偶师,,,守墓人,,大副,,咒术师,教授,跛脚羊,闪现,传送,主,0,stian,教授,1.22,0,1,2,28,出门,yuan,木偶师,2.77,0,2,0,51,淘汰,lin,幸运儿,0,0,0,0,64,淘汰,yihua,大副,1.01,0,1,0,55,淘汰,6,22,487,勘探员,,,,
26,3,2025-10-17_1600_Wolves_vs_FPX.ZQ_R3_G2,Wolves vs FPX.ZQ,Wolves,FPX.ZQ,2,2,平局,2025,IVL秋季赛常规赛,2025-10-17,1600,Wolves,FPX.ZQ,2,主,Wolves,yeyv,2,2,平,,不归林,月亮河公园,幸运儿,木偶师,大副,,,,,,,跛脚羊,,,空军,火灾调查员,,,时空之影,,,哭泣小丑,病患,,,小说家,,佣兵,,入殓师,古董商,喧嚣,移形,未携带,客,0,stian,哭泣小丑,1.4,0,2,1,12,出门,yuan,病患,3.09,0,0,0,0,出门,lin,古董商,0,0,0,0,100,淘汰,yihua,佣兵,0.74,0,1,0,106,淘汰,5,55,487,勘探员,,教授,,
26,4,2025-10-17_1600_Wolves_vs_FPX.ZQ_R4_G2,Wolves vs FPX.ZQ,FPX.ZQ,Wolves,2,2,平局,2025,IVL秋季赛常规赛,2025-10-17,1600,Wolves,FPX.ZQ,2,客,FPX.ZQ,dongx,2,2,平,,不归林,月亮河公园,大副,木偶师,飞行家,,,,,,,跛脚羊,,,先知,幸运儿,,,歌剧演员,,,空军,火灾调查员,,,佣兵,,守墓人,,气象学家,杂技演员,喧嚣,传送,未携带,客,0,tian,杂技演员,0,0,0,0,105,淘汰,jelly,空军,2.09,0,0,0,17,出门,487,火灾调查员,1.91,0,1,0,49,淘汰,xmx,守墓人,1,0,1,0,26,出门,4,30,487,勘探员,,小说家,,
26,5,2025-10-17_1600_Wolves_vs_FPX.ZQ_R5_G3,Wolves vs FPX.ZQ,Wolves,FPX.ZQ,3,1,监管胜,2025,IVL秋季赛常规赛,2025-10-17,1600,Wolves,FPX.ZQ,3,主,Wolves,yeyv,3,1,屠,,唐人街,红教堂,哭泣小丑,病患,佣兵,幸运儿,木偶师,大副,,,,喧嚣,跛脚羊,,气象学家,小说家,,,时空之影,26号守卫,,飞行家,空军,,,火灾调查员,,野人,,杂技演员,心理学家,杂货商,移形,传送,主,0,stian,心理学家,2.31,0,0,0,26,淘汰,yuan,飞行家,1.95,0,3,0,25,出门,lin,空军,0,0,0,0,93,淘汰,yihua,野人,1.12,0,1,0,60,淘汰,6,44,487,勘探员,,古董商,教授,
26,6,2025-10-17_1600_Wolves_vs_FPX.ZQ_R6_G3,Wolves vs FPX.ZQ,FPX.ZQ,Wolves,0,5,求生胜,2025,IVL秋季赛常规赛,2025-10-17,1600,Wolves,FPX.ZQ,3,客,FPX.ZQ,dongx,5,0,人,,唐人街,红教堂,空军,火灾调查员,守墓人,大副,木偶师,飞行家,,,,喧嚣,跛脚羊,,先知,幸运儿,,,歌剧演员,梦之女巫,,拉拉队员,勘探员,,,气象学家,,佣兵,,弓箭手,教授,使徒,闪现,未携带,主,0,tian,教授,1.91,0,0,0,85,出门,jelly,拉拉队员,0.85,0,0,0,116,出门,487,勘探员,1.82,0,0,0,64,出门,xmx,佣兵,1.57,0,2,0,52,出门,6,11,487,勘探员,,杂技演员,小说家,
27,1,2025-10-17_1800_MRC_vs_ACT_R1_G1,MRC vs ACT,ACT,MRC,3,1,监管胜,2025,IVL秋季赛常规赛,2025-10-17,1800,MRC,ACT,1,客,ACT,zz9,1,3,屠,月亮河公园,里奥的回忆,永眠镇,,,,,,,,,,,,,先知,大副,,,,,,木偶师,守墓人,,,幸运儿,,骑士,,冒险家,教授,时空之影,闪现,未携带,主,0,xiaox,守墓人,0.06,0,0,0,108,淘汰,huac,木偶师,2.32,0,0,0,44,淘汰,nanako,骑士,1.44,0,1,0,94,淘汰,xiaod,教授,2.24,0,1,0,5,出门,5,49,bailu,26号守卫,,,,
27,2,2025-10-17_1800_MRC_vs_ACT_R2_G1,MRC vs ACT,MRC,ACT,3,1,监管胜,2025,IVL秋季赛常规赛,2025-10-17,1800,MRC,ACT,1,主,MRC,bailu,3,1,屠,月亮河公园,里奥的回忆,永眠镇,,,,,,,,,,,,,先知,古董商,,,,,,木偶师,教授,,,守墓人,,逃脱大师,,幸运儿,气象学家,跛脚羊,失常,未使用,主,0,eleven,逃脱大师,2.04,0,1,0,65,淘汰,gougou,教授,1.76,0,1,1,94,淘汰,xy,木偶师,3.02,0,1,0,43,出门,xmiao5,气象学家,0,1,0,0,67,淘汰,7,1,bailu,26号守卫,,,,
27,3,2025-10-17_1800_MRC_vs_ACT_R3_G2,MRC vs ACT,ACT,MRC,2,2,平局,2025,IVL秋季赛常规赛,2025-10-17,1800,MRC,ACT,2,客,ACT,zz9,2,2,平,,不归林,月亮河公园,木偶师,守墓人,骑士,,,,,,,时空之影,,,先知,古董商,,,跛脚羊,,,气象学家,火灾调查员,,,幸运儿,,佣兵,,入殓师,病患,歌剧演员,闪现,传送,客,0,xiaox,佣兵,1.37,0,1,0,75,淘汰,huac,病患,2,0,1,0,25,出门,nanako,火灾调查员,0,0,0,0,61,淘汰,xiaod,气象学家,2,0,1,0,13,出门,5,6,bailu,26号守卫,,教授,,
27,4,2025-10-17_1800_MRC_vs_ACT_R4_G2,MRC vs ACT,MRC,ACT,2,2,平局,2025,IVL秋季赛常规赛,2025-10-17,1800,MRC,ACT,2,主,MRC,bailu,2,2,平,,不归林,月亮河公园,木偶师,教授,逃脱大师,,,,,,,跛脚羊,,,先知,空军,,,歌剧演员,,,大副,飞行家,,,入殓师,,火灾调查员,,幸运儿,古董商,喧嚣,移形,未携带,客,0,eleven,大副,0.74,0,1,0,58,出门,gougou,火灾调查员,2.26,0,0,0,20,出门,xy,古董商,2.22,0,1,0,47,淘汰,xmiao5,飞行家,0,2,0,0,73,淘汰,6,38,bailu,26号守卫,,气象学家,,
27,5,2025-10-17_1800_MRC_vs_ACT_R5_G3,MRC vs ACT,MRC,ACT,3,1,监管胜,2025,IVL秋季赛常规赛,2025-10-17,1800,MRC,ACT,3,主,MRC,bailu,3,1,屠,,里奥的回忆,红教堂,大副,飞行家,火灾调查员,木偶师,教授,逃脱大师,,,,喧嚣,跛脚羊,,小说家,拉拉队员,,,歌剧演员,时空之影,,先知,幸运儿,,,机械师,,守墓人,,邮差,病患,26号守卫,移形,未使用,主,0,eleven,守墓人,0.74,0,0,0,42,淘汰,gougou,先知,0,0,0,0,45,淘汰,xy,幸运儿,1.6,0,1,0,108,淘汰,xmiao5,病患,3,0,1,0,25,出门,6,40,bailu,26号守卫,,古董商,气象学家,
27,6,2025-10-17_1800_MRC_vs_ACT_R6_G3,MRC vs ACT,ACT,MRC,2,2,平局,2025,IVL秋季赛常规赛,2025-10-17,1800,MRC,ACT,3,客,ACT,zz9,2,2,平,,里奥的回忆,红教堂,气象学家,火灾调查员,佣兵,木偶师,守墓人,骑士,,,,歌剧演员,时空之影,,先知,幸运儿,,,跛脚羊,喧嚣,,入殓师,小说家,,,心理学家,,野人,,飞行家,杂技演员,杂货商,移形,,主,0,xiaox,野人,1.92,0,0,0,76,出门,huac,杂技演员,1.67,0,3,1,23,出门,nanako,小说家,0.18,0,0,0,75,淘汰,xiaod,入殓师,2.19,0,2,0,57,淘汰,7,22,bailu,26号守卫,,病患,教授,
28,1,2025-10-18_1400_TE_vs_GG_R1_G1,TE vs GG,TE,GG,3,1,监管胜,2025,IVL秋季赛常规赛,2025-10-18,1400,TE,GG,1,主,TE,ppei,3,1,屠,月亮河公园,唐人街,里奥的回忆,,,,,,,,,,,,,先知,古董商,,,,,,冒险家,大副,,,气象学家,,幸运儿,,木偶师,弓箭手,跛脚羊,窥视者,传送,主,0,ppz,弓箭手,1.63,0,1,0,77,淘汰,18,冒险家,1.93,0,1,1,19,淘汰,kucao,大副,1.99,0,1,0,41,出门,ppxia,幸运儿,0,0,0,0,84,淘汰,6,40,maom,空军,,,,
28,2,2025-10-18_1400_TE_vs_GG_R2_G1,TE vs GG,GG,TE,2,2,平局,2025,IVL秋季赛常规赛,2025-10-18,1400,TE,GG,1,客,GG,qiu,2,2,平,月亮河公园,唐人街,里奥的回忆,,,,,,,,,,,,,冒险家,古董商,,,,,,大副,气象学家,,,先知,,木偶师,,幸运儿,咒术师,歌剧演员,闪现,传送,主,0,drop,气象学家,0,1,0,0,89,淘汰,maom,咒术师,1.98,0,1,0,26,出门,libao,木偶师,2.52,0,1,0,19,出门,lconfid,大副,1.23,0,1,0,56,淘汰,5,28,maom,空军,,,,
28,3,2025-10-18_1400_TE_vs_GG_R3_G2,TE vs GG,GG,TE,2,2,平局,2025,IVL秋季赛常规赛,2025-10-18,1400,TE,GG,2,客,GG,xawm,2,2,平,,永眠镇,唐人街,大副,气象学家,木偶师,,,,,,,歌剧演员,,,先知,守墓人,,,跛脚羊,,,前锋,古董商,,,火灾调查员,,飞行家,,幸运儿,祭司,小丑,闪现,未携带,客,0,drop,祭司,1.05,0,1,3,52,淘汰,maom,古董商,1.24,0,0,0,61,出门,libao,飞行家,3.3,0,1,0,24,出门,lconfid,前锋,0.32,0,1,0,65,淘汰,6,26,maom,空军,,咒术师,,
28,4,2025-10-18_1400_TE_vs_GG_R4_G2,TE vs GG,TE,GG,2,2,平局,2025,IVL秋季赛常规赛,2025-10-18,1400,TE,GG,2,主,TE,ppei,2,2,平,,永眠镇,唐人街,冒险家,大副,幸运儿,,,,,,,跛脚羊,,,先知,逃脱大师,,,歌剧演员,,,飞行家,火灾调查员,,,古董商,,邮差,,前锋,哭泣小丑,渔女,闪现,未携带,客,0,ppz,火灾调查员,1.89,0,1,0,31,淘汰,18,飞行家,2.44,0,0,0,15,出门,kucao,哭泣小丑,1,0,1,0,20,出门,ppxia,邮差,0,1,0,0,79,淘汰,4,26,maom,空军,,弓箭手,,
28,5,2025-10-18_1400_TE_vs_GG_R5_G3,TE vs GG,GG,TE,2,2,平局,2025,IVL秋季赛常规赛,2025-10-18,1400,TE,GG,3,客,GG,xawm,2,2,平,,圣心医院,湖景村,前锋,古董商,飞行家,大副,气象学家,木偶师,,,,小丑,歌剧演员,,先知,冒险家,,,26号守卫,跛脚羊,,幸运儿,守墓人,,,火灾调查员,,机械师,,入殓师,空军,鹿头,移形,传送,主,0,drop,幸运儿,2.59,0,0,0,37,淘汰,maom,空军,1.54,0,0,0,107,出门,libao,机械师,0.04,0,0,0,42,淘汰,lconfid,守墓人,1.71,0,3,0,38,出门,7,36,maom,空军,,祭司,咒术师,
28,6,2025-10-18_1400_TE_vs_GG_R6_G3,TE vs GG,TE,GG,5,0,监管胜,2025,IVL秋季赛常规赛,2025-10-18,1400,TE,GG,3,主,TE,suda,5,0,屠,,圣心医院,湖景村,飞行家,火灾调查员,邮差,冒险家,大副,幸运儿,,,,渔女,跛脚羊,,先知,古董商,,,喧嚣,歌剧演员,,前锋,入殓师,,,空军,,勘探员,,气象学家,心理学家,蜘蛛,闪现,传送,主,0,ppz,入殓师,2.08,0,1,0,35,淘汰,18,心理学家,2.24,0,1,0,70,淘汰,kucao,前锋,0.95,0,0,0,91,淘汰,ppxia,勘探员,0,0,0,0,142,淘汰,7,19,maom,空军,,哭泣小丑,弓箭手,
29,1,2025-10-18_1600_DOU5_vs_GR_R1_G1,DOU5 vs GR,GR,DOU5,2,2,平局,2025,IVL秋季赛常规赛,2025-10-18,1600,DOU5,GR,1,客,GR,jin,2,2,平,里奥的回忆,唐人街,月亮河公园,,,,,,,,,,,,,先知,古董商,,,,,,大副,幸运儿,,,木偶师,,园丁,,教授,气象学家,跛脚羊,窥视者,传送,主,0,czai,幸运儿,2,0,0,0,41,出门,chen,园丁,1.55,0,1,0,29,淘汰,楠,大副,1.45,0,1,0,24,出门,silverzhi,气象学家,0,0,0,0,63,淘汰,4,50,jin,歌剧演员,,,,
29,2,2025-10-18_1600_DOU5_vs_GR_R2_G1,DOU5 vs GR,DOU5,GR,3,1,监管胜,2025,IVL秋季赛常规赛,2025-10-18,1600,DOU5,GR,1,主,DOU5,mhxm,3,1,屠,里奥的回忆,唐人街,月亮河公园,,,,,,,,,,,,,先知,古董商,,,,,,气象学家,幸运儿,,,园丁,,大副,,木偶师,魔术师,歌剧演员,失常,传送,主,0,ac,气象学家,3.6,0,0,1,4,出门,heart,大副,1.27,0,3,0,83,淘汰,red,魔术师,0,0,0,0,60,淘汰,ak,幸运儿,1,0,1,0,64,淘汰,6,33,jin,歌剧演员,,,,
29,3,2025-10-18_1600_DOU5_vs_GR_R3_G2,DOU5 vs GR,GR,DOU5,3,1,监管胜,2025,IVL秋季赛常规赛,2025-10-18,1600,DOU5,GR,2,客,GR,jin,1,3,屠,,湖景村,红教堂,大副,幸运儿,园丁,,,,,,,跛脚羊,,,先知,逃脱大师,,,26号守卫,,,佣兵,古董商,,,入殓师,,飞行家,,机械师,冒险家,时空之影,闪现,未携带,客,0,czai,古董商,2.11,0,0,0,73,淘汰,chen,飞行家,2.95,0,1,0,50,淘汰,楠,佣兵,1.68,0,4,0,36,出门,silverzhi,冒险家,0,0,0,0,91,淘汰,7,53,jin,歌剧演员,,气象学家,,
29,4,2025-10-18_1600_DOU5_vs_GR_R4_G2,DOU5 vs GR,DOU5,GR,2,2,平局,2025,IVL秋季赛常规赛,2025-10-18,1600,DOU5,GR,2,主,DOU5,mhxm,2,2,平,,湖景村,红教堂,气象学家,幸运儿,大副,,,,,,,歌剧演员,,,先知,逃脱大师,,,跛脚羊,,,前锋,入殓师,,,火灾调查员,,飞行家,,机械师,小说家,喧嚣,窥视者,兴奋,客,0,ac,入殓师,0,1,1,0,146,淘汰,heart,飞行家,1.67,0,1,1,27,出门,red,小说家,2.73,0,0,0,49,出门,ak,前锋,1,1,1,0,109,淘汰,6,15,jin,歌剧演员,,魔术师,,
29,5,2025-10-18_1600_DOU5_vs_GR_R5_G3,DOU5 vs GR,DOU5,GR,1,3,求生胜,2025,IVL秋季赛常规赛,2025-10-18,1600,DOU5,GR,3,主,DOU5,mhxm,1,3,人,,不归林,永眠镇,前锋,入殓师,飞行家,气象学家,幸运儿,大副,,,,喧嚣,歌剧演员,,先知,火灾调查员,,,跛脚羊,鹿头,,逃脱大师,教授,,,邮差,,拉拉队员,,空军,病患,破轮,闪现,窥视者,主,0,ac,拉拉队员,0.06,0,0,0,93,淘汰,heart,逃脱大师,1,0,2,0,52,出门,red,教授,2,0,0,0,7,出门,ak,病患,2,0,0,0,18,出门,4,8,jin,歌剧演员,,小说家,魔术师,
29,6,2025-10-18_1600_DOU5_vs_GR_R6_G3,DOU5 vs GR,GR,DOU5,3,1,监管胜,2025,IVL秋季赛常规赛,2025-10-18,1600,DOU5,GR,3,客,GR,jin,1,3,屠,,不归林,永眠镇,佣兵,古董商,飞行家,大副,幸运儿,园丁,,,,时空之影,跛脚羊,,先知,前锋,,,喧嚣,26号守卫,,弓箭手,逃脱大师,,,机械师,,病患,,哭泣小丑,拉拉队员,歌剧演员,闪现,传送,主,0,czai,弓箭手,0,0,0,0,81,淘汰,chen,病患,2.02,0,1,0,30,淘汰,楠,逃脱大师,1.64,0,2,0,46,出门,silverzhi,拉拉队员,1.34,0,1,0,27,淘汰,6,13,jin,歌剧演员,,冒险家,气象学家,
30,1,2025-10-18_1800_GW_vs_WBG_R1_G1,GW vs WBG,WBG,GW,2,2,平局,2025,IVL秋季赛常规赛,2025-10-18,1800,GW,WBG,1,客,WBG,n1e,2,2,平,月亮河公园,唐人街,湖景村,,,,,,,,,,,,,先知,古董商,,,,,,咒术师,魔术师,,,大副,,守墓人,,幸运儿,气象学家,喧嚣,移形,传送,主,0,lancelot,魔术师,0.09,0,0,0,105,淘汰,leil,气象学家,2.32,0,0,1,73,淘汰,lion,守墓人,0.98,0,1,1,64,出门,unicorn,咒术师,2.49,0,0,0,47,出门,6,36,n1e,歌剧演员,,,,
30,2,2025-10-18_1800_GW_vs_WBG_R2_G1,GW vs WBG,GW,WBG,1,3,求生胜,2025,IVL秋季赛常规赛,2025-10-18,1800,GW,WBG,1,主,GW,tzym,1,3,人,月亮河公园,唐人街,湖景村,,,,,,,,,,,,,先知,大副,,,,,,魔术师,守墓人,,,弓箭手,,气象学家,,幸运儿,木偶师,宿伞之魂,闪现,失常,主,0,koting,魔术师,2.29,0,1,0,23,出门,guoker,木偶师,1.61,2,0,0,108,淘汰,huiyi,守墓人,0.45,0,0,0,78,出门,persica,气象学家,1.67,0,1,0,37,出门,5,36,n1e,歌剧演员,,,,
30,3,2025-10-18_1800_GW_vs_WBG_R3_G2,GW vs WBG,GW,WBG,2,2,平局,2025,IVL秋季赛常规赛,2025-10-18,1800,GW,WBG,2,主,GW,tzym,2,2,平,,不归林,月亮河公园,魔术师,守墓人,气象学家,,,,,,,宿伞之魂,,,先知,古董商,,,跛脚羊,,,弓箭手,佣兵,,,入殓师,,园丁,,幸运儿,火灾调查员,歌剧演员,闪现,传送,客,0,koting,园丁,0,0,0,0,85,淘汰,guoker,火灾调查员,2,0,1,0,48,出门,huiyi,佣兵,1,0,1,0,34,出门,persica,弓箭手,2,0,1,0,59,淘汰,7,28,n1e,歌剧演员,,木偶师,,
30,4,2025-10-18_1800_GW_vs_WBG_R4_G2,GW vs WBG,WBG,GW,5,0,监管胜,2025,IVL秋季赛常规赛,2025-10-18,1800,GW,WBG,2,客,WBG,n1e,0,5,屠,,不归林,月亮河公园,咒术师,魔术师,守墓人,,,,,,,喧嚣,,,先知,古董商,,,跛脚羊,,,火灾调查员,佣兵,,,飞行家,,幸运儿,,病患,弓箭手,歌剧演员,闪现,传送,客,1,lancelot,弓箭手,1.98,0,1,1,48,淘汰,leil,幸运儿,0,0,0,0,58,淘汰,lion,佣兵,1.19,0,2,0,58,淘汰,unicorn,火灾调查员,1.86,0,1,0,94,淘汰,7,27,n1e,歌剧演员,,气象学家,,
31,1,2025-10-19_1400_Wolves_vs_GR_R1_G1,Wolves vs GR,GR,Wolves,5,0,监管胜,2025,IVL秋季赛常规赛,2025-10-19,1400,Wolves,GR,1,客,GR,jin,0,5,屠,里奥的回忆,唐人街,不归林,,,,,,,,,,,,,先知,古董商,,,,,,咒术师,教授,,,大副,,逃脱大师,,幸运儿,魔术师,喧嚣,移形,未携带,主,0,tian,魔术师,2.18,0,1,0,34,淘汰,jelly,教授,0,0,0,0,75,淘汰,487,咒术师,1.72,0,0,0,41,淘汰,xmx,逃脱大师,1.1,0,1,0,54,淘汰,5,37,jin,歌剧演员,,,,
31,2,2025-10-19_1400_Wolves_vs_GR_R2_G1,Wolves vs GR,Wolves,GR,2,2,平局,2025,IVL秋季赛常规赛,2025-10-19,1400,Wolves,GR,1,主,Wolves,choai,2,2,平,里奥的回忆,唐人街,不归林,,,,,,,,,,,,,先知,古董商,,,,,,气象学家,木偶师,,,守墓人,,逃脱大师,,咒术师,幸运儿,跛脚羊,失常,传送,主,0,ac,气象学家,1.47,0,1,0,102,淘汰,heart,逃脱大师,0.13,0,0,0,39,淘汰,red,木偶师,3,0,1,0,11,出门,ak,幸运儿,1.87,0,0,0,20,出门,5,3,jin,歌剧演员,,,,
31,3,2025-10-19_1400_Wolves_vs_GR_R3_G2,Wolves vs GR,Wolves,GR,3,1,监管胜,2025,IVL秋季赛常规赛,2025-10-19,1400,Wolves,GR,2,主,Wolves,yeyv,3,1,屠,,唐人街,月亮河公园,气象学家,木偶师,逃脱大师,,,,,,,跛脚羊,,,火灾调查员,飞行家,,,时空之影,,,病患,弓箭手,,,佣兵,,大副,,心理学家,小女孩,杂货商,移形,传送,客,0,ac,小女孩,1.48,0,1,0,59,淘汰,heart,大副,2,0,1,0,58,淘汰,red,弓箭手,0,0,0,0,67,淘汰,ak,病患,2.48,0,1,1,97,出门,7,42,jin,歌剧演员,,幸运儿,,
31,4,2025-10-19_1400_Wolves_vs_GR_R4_G2,Wolves vs GR,GR,Wolves,5,0,监管胜,2025,IVL秋季赛常规赛,2025-10-19,1400,Wolves,GR,2,客,GR,jin,0,5,屠,,唐人街,月亮河公园,咒术师,教授,逃脱大师,,,,,,,喧嚣,,,先知,古董商,,,跛脚羊,,,气象学家,大副,,,幸运儿,,空军,,病患,杂技演员,歌剧演员,闪现,传送,客,2,tian,气象学家,2.4,1,0,0,89,淘汰,jelly,杂技演员,0,0,0,0,22,淘汰,487,空军,0.61,0,0,0,29,淘汰,xmx,大副,1.02,0,1,0,38,淘汰,7,30,jin,歌剧演员,,魔术师,,
32,1,2025-10-19_1600_MRC_vs_WBG_R1_G1,MRC vs WBG,WBG,MRC,1,3,求生胜,2025,IVL秋季赛常规赛,2025-10-19,1600,MRC,WBG,1,客,WBG,n1e,3,1,人,月亮河公园,唐人街,湖景村,,,,,,,,,,,,,冒险家,大副,,,,,,守墓人,木偶师,,,先知,,幸运儿,,气象学家,骑士,喧嚣,移形,传送,主,0,xiaox,守墓人,1.66,0,2,0,80,出门,huac,木偶师,0,1,0,0,97,淘汰,nanako,骑士,0.94,1,1,0,107,出门,xiaod,幸运儿,3,0,0,3,28,出门,7,11,bailu,歌剧演员,,,,
32,2,2025-10-19_1600_MRC_vs_WBG_R2_G1,MRC vs WBG,MRC,WBG,2,2,平局,2025,IVL秋季赛常规赛,2025-10-19,1600,MRC,WBG,1,主,MRC,bailu,2,2,平,月亮河公园,唐人街,湖景村,,,,,,,,,,,,,先知,大副,,,,,,魔术师,守墓人,,,幸运儿,,木偶师,,弓箭手,气象学家,喧嚣,移形,未携带,主,0,koting,魔术师,1.23,0,1,0,48,淘汰,guoker,木偶师,2,0,1,0,23,出门,huiyi,守墓人,0,0,0,0,83,淘汰,persica,气象学家,2,0,1,0,12,出门,5,3,bailu,歌剧演员,,,,
32,3,2025-10-19_1600_MRC_vs_WBG_R3_G2,MRC vs WBG,MRC,WBG,5,0,监管胜,2025,IVL秋季赛常规赛,2025-10-19,1600,MRC,WBG,2,主,MRC,bailu,5,0,屠,永眠镇,,红教堂,魔术师,守墓人,木偶师,,,,,,,喧嚣,,,先知,古董商,,,跛脚羊,,,火灾调查员,幸运儿,,,杂技演员,,佣兵,,飞行家,拉拉队员,歌剧演员,闪现,传送,客,2,koting,拉拉队员,0.67,0,1,0,26,淘汰,guoker,火灾调查员,0,0,0,0,33,淘汰,huiyi,佣兵,1.41,0,1,0,43,淘汰,persica,幸运儿,2.03,0,1,0,20,淘汰,6,12,bailu,歌剧演员,,气象学家,,
32,4,2025-10-19_1600_MRC_vs_WBG_R4_G2,MRC vs WBG,WBG,MRC,2,2,平局,2025,IVL秋季赛常规赛,2025-10-19,1600,MRC,WBG,2,客,WBG,n1e,2,2,平,永眠镇,,红教堂,守墓人,木偶师,幸运儿,,,,,,,喧嚣,,,空军,火灾调查员,,,跛脚羊,,,杂技演员,入殓师,,,古董商,,大副,,先知,病患,歌剧演员,失常,闪现,客,0,xiaox,大副,1.1,0,2,0,73,出门,huac,病患,0,0,0,0,71,淘汰,nanako,杂技演员,3.45,0,1,1,87,淘汰,xiaod,入殓师,3,0,1,0,45,出门,8,46,bailu,歌剧演员,,骑士,,
33,1,2025-10-19_1800_GG_vs_GW_R1_G1,GG vs GW,GG,GW,3,1,监管胜,2025,IVL秋季赛常规赛,2025-10-19,1800,GG,GW,1,主,GG,qiu,3,1,屠,月亮河公园,唐人街,永眠镇,,,,,,,,,,,,,先知,古董商,,,,,,飞行家,魔术师,,,守墓人,,弓箭手,,大副,逃脱大师,跛脚羊,窥视者,移形,主,0,lancelot,弓箭手,1.72,0,1,0,52,淘汰,leil,飞行家,2.4,0,0,0,52,淘汰,lion,逃脱大师,1.28,0,1,0,48,出门,unicorn,魔术师,0.14,0,0,0,88,淘汰,5,48,ppxia,杂技演员,,,,
33,2,2025-10-19_1800_GG_vs_GW_R2_G1,GG vs GW,GW,GG,1,3,求生胜,2025,IVL秋季赛常规赛,2025-10-19,1800,GG,GW,1,客,GW,ali,3,1,人,月亮河公园,唐人街,永眠镇,,,,,,,,,,,,,先知,古董商,,,,,,大副,幸运儿,,,气象学家,,木偶师,,咒术师,弓箭手,26号守卫,移形,传送,主,0,ppz,弓箭手,0,0,0,0,57,淘汰,18,幸运儿,2.36,0,1,1,22,出门,kucao,大副,0.81,0,1,0,73,出门,ppxia,木偶师,2,0,2,0,56,出门,6,39,ppxia,杂技演员,,,,
33,3,2025-10-19_1800_GG_vs_GW_R3_G2,GG vs GW,GG,GW,3,1,监管胜,2025,IVL秋季赛常规赛,2025-10-19,1800,GG,GW,2,主,GG,xawm,3,1,屠,,里奥的回忆,湖景村,飞行家,魔术师,弓箭手,,,,,,,跛脚羊,,,先知,守墓人,,,鹿头,,,气象学家,火灾调查员,,,幸运儿,,佣兵,,入殓师,囚徒,26号守卫,移形,传送,客,0,lancelot,囚徒,0,0,0,0,61,淘汰,leil,气象学家,2.34,0,0,1,43,出门,lion,佣兵,0.54,0,1,0,23,淘汰,unicorn,火灾调查员,2.78,0,0,0,77,淘汰,6,10,ppxia,杂技演员,,逃脱大师,,
33,4,2025-10-19_1800_GG_vs_GW_R4_G2,GG vs GW,GW,GG,0,5,求生胜,2025,IVL秋季赛常规赛,2025-10-19,1800,GG,GW,2,客,GW,tzym,5,0,人,,里奥的回忆,湖景村,大副,幸运儿,木偶师,,,,,,,26号守卫,,,先知,古董商,,,跛脚羊,,,佣兵,气象学家,,,火灾调查员,,飞行家,,入殓师,杂技演员,歌剧演员,闪现,传送,客,0,ppz,气象学家,1.43,0,0,0,44,出门,18,飞行家,1.87,0,1,0,59,出门,kucao,佣兵,1.24,0,1,0,34,出门,ppxia,杂技演员,0.46,0,0,0,219,出门,6,31,ppxia,杂技演员,,弓箭手,,
34,1,2025-10-24_1400_DOU5_vs_ACT_R1_G1,DOU5 vs ACT,ACT,DOU5,2,2,平局,2025,IVL秋季赛常规赛,2025-10-24,1400,DOU5,ACT,1,客,ACT,zz9,2,2,平,湖景村,里奥的回忆,不归林,,,,,,,,,,,,,先知,古董商,,,,,,气象学家,幸运儿,,,魔术师,,大副,,木偶师,教授,跛脚羊,闪现,传送,主,0,czai,幸运儿,1.49,0,3,0,55,出门,chen,教授,2.08,0,1,1,51,出门,楠,大副,2.03,0,1,0,88,淘汰,silverzhi,气象学家,0.37,0,0,0,43,淘汰,7,36,mhxm,杂货商,,,,
34,2,2025-10-24_1400_DOU5_vs_ACT_R2_G1,DOU5 vs ACT,DOU5,ACT,3,1,监管胜,2025,IVL秋季赛常规赛,2025-10-24,1400,DOU5,ACT,1,主,DOU5,mhxm,3,1,屠,湖景村,里奥的回忆,不归林,,,,,,,,,,,,,先知,咒术师,,,,,,大副,古董商,,,幸运儿,,教授,,飞行家,气象学家,喧嚣,移形,未携带,主,0,eleven,大副,1,0,1,0,97,出门,gougou,教授,2.02,1,1,0,44,淘汰,xy,古董商,2.6,0,2,0,36,淘汰,xmiao5,气象学家,0.09,1,0,0,66,淘汰,6,31,mhxm,杂货商,,,,
34,3,2025-10-24_1400_DOU5_vs_ACT_R3_G2,DOU5 vs ACT,ACT,DOU5,3,1,监管胜,2025,IVL秋季赛常规赛,2025-10-24,1400,DOU5,ACT,2,客,ACT,zz9,1,3,屠,,红教堂,永眠镇,气象学家,幸运儿,大副,,,,,,,跛脚羊,,,先知,逃脱大师,,,时空之影,,,佣兵,飞行家,,,空军,,病患,,冒险家,火灾调查员,喧嚣,移形,未携带,客,0,czai,病患,0.52,0,0,0,57,淘汰,chen,火灾调查员,2.48,0,1,0,55,淘汰,楠,佣兵,1.74,0,2,0,34,出门,silverzhi,飞行家,0.41,1,1,0,85,淘汰,6,25,mhxm,杂货商,,教授,,
34,4,2025-10-24_1400_DOU5_vs_ACT_R4_G2,DOU5 vs ACT,DOU5,ACT,1,3,求生胜,2025,IVL秋季赛常规赛,2025-10-24,1400,DOU5,ACT,2,主,DOU5,mhxm,1,3,人,,红教堂,永眠镇,大副,古董商,教授,,,,,,,喧嚣,,,先知,飞行家,,,跛脚羊,,,幸运儿,火灾调查员,,,逃脱大师,,守墓人,,空军,小说家,时空之影,闪现,未携带,客,0,eleven,守墓人,1.86,0,1,0,20,出门,gougou,火灾调查员,2.14,0,1,0,44,出门,xy,幸运儿,2,0,1,1,17,出门,xmiao5,小说家,0.07,0,0,0,140,淘汰,5,37,mhxm,杂货商,,气象学家,,
34,5,2025-10-24_1400_DOU5_vs_ACT_R5_G3,DOU5 vs ACT,DOU5,ACT,5,0,监管胜,2025,IVL秋季赛常规赛,2025-10-24,1400,DOU5,ACT,3,主,DOU5,mhxm,5,0,屠,,里奥的回忆,湖景村,幸运儿,火灾调查员,守墓人,大副,古董商,教授,,,,时空之影,喧嚣,,先知,逃脱大师,,,跛脚羊,歌剧演员,,佣兵,飞行家,,,空军,,入殓师,,记者,机械师,杂货商,移形,传送,主,0,eleven,佣兵,1.11,0,2,0,49,淘汰,gougou,入殓师,2.29,0,1,0,46,淘汰,xy,机械师,2.15,0,0,1,36,淘汰,xmiao5,飞行家,0,0,0,0,57,淘汰,5,55,mhxm,杂货商,,小说家,气象学家,
34,6,2025-10-24_1400_DOU5_vs_ACT_R6_G3,DOU5 vs ACT,ACT,DOU5,3,1,监管胜,2025,IVL秋季赛常规赛,2025-10-24,1400,DOU5,ACT,3,客,ACT,zz9,1,3,屠,,里奥的回忆,湖景村,佣兵,飞行家,病患,气象学家,幸运儿,大副,,,,喧嚣,跛脚羊,,机械师,入殓师,,,歌剧演员,时空之影,,先知,守墓人,,,囚徒,,心理学家,,空军,小说家,噩梦,移形,失常,主,0,czai,小说家,2.33,0,3,0,88,淘汰,chen,先知,0,0,0,0,94,淘汰,楠,守墓人,1.21,0,2,0,69,出门,silverzhi,心理学家,2.32,0,0,0,65,淘汰,7,10,mhxm,杂货商,,火灾调查员,教授,
35,1,2025-10-24_1600_FPX.ZQ_vs_TE_R1_G1,FPX.ZQ vs TE,FPX.ZQ,TE,2,2,平局,2025,IVL秋季赛常规赛,2025-10-24,1600,FPX.ZQ,TE,1,主,FPX.ZQ,dongx,2,2,平,军工厂,圣心医院,永眠镇,,,,,,,,,,,,,先知,咒术师,,,,,,幸运儿,古董商,,,教授,,大副,,木偶师,魔术师,跛脚羊,窥视者,传送,主,0,drop,幸运儿,0,1,0,0,61,淘汰,maom,古董商,2.58,0,0,0,93,出门,libao,大副,1.3,0,1,0,73,出门,lconfid,魔术师,2.44,0,2,0,58,淘汰,7,56,ppei,喧嚣,,,,
35,2,2025-10-24_1600_FPX.ZQ_vs_TE_R2_G1,FPX.ZQ vs TE,TE,FPX.ZQ,2,2,平局,2025,IVL秋季赛常规赛,2025-10-24,1600,FPX.ZQ,TE,1,客,TE,ppei,2,2,平,军工厂,圣心医院,永眠镇,,,,,,,,,,,,,先知,古董商,,,,,,木偶师,弓箭手,,,幸运儿,,魔术师,,守墓人,大副,跛脚羊,兴奋,传送,主,0,stian,弓箭手,0.04,0,0,0,68,淘汰,yuan,木偶师,1.57,0,2,0,84,淘汰,lin,魔术师,2.51,0,1,1,31,出门,yihua,大副,1.39,0,2,1,68,出门,7,22,ppei,喧嚣,,,,
35,3,2025-10-24_1600_FPX.ZQ_vs_TE_R3_G2,FPX.ZQ vs TE,FPX.ZQ,TE,1,3,求生胜,2025,IVL秋季赛常规赛,2025-10-24,1600,FPX.ZQ,TE,2,主,FPX.ZQ,dongx,1,3,人,,唐人街,月亮河公园,幸运儿,古董商,大副,,,,,,,跛脚羊,,,先知,火灾调查员,,,歌剧演员,,,空军,佣兵,,,飞行家,,气象学家,,病患,心理学家,鹿头,移形,传送,客,0,drop,心理学家,0.6,1,1,0,160,淘汰,maom,空军,1.25,0,1,0,77,出门,libao,佣兵,1.75,0,1,0,10,出门,lconfid,气象学家,2,0,1,1,55,出门,5,48,ppei,喧嚣,,魔术师,,
35,4,2025-10-24_1600_FPX.ZQ_vs_TE_R4_G2,FPX.ZQ vs TE,TE,FPX.ZQ,5,0,监管胜,2025,IVL秋季赛常规赛,2025-10-24,1600,FPX.ZQ,TE,2,客,TE,ppei,0,5,屠,,唐人街,月亮河公园,木偶师,弓箭手,魔术师,,,,,,,跛脚羊,,,先知,幸运儿,,,歌剧演员,,,飞行家,哭泣小丑,,,机械师,,火灾调查员,,空军,佣兵,喧嚣,移形,未携带,客,1,stian,火灾调查员,2,0,0,0,30,淘汰,yuan,飞行家,0,0,0,0,95,淘汰,lin,哭泣小丑,1.99,0,1,0,35,淘汰,yihua,佣兵,1.13,0,1,0,56,淘汰,5,48,ppei,喧嚣,,大副,,
35,5,2025-10-24_1600_FPX.ZQ_vs_TE_R5_G3,FPX.ZQ vs TE,FPX.ZQ,TE,2,2,平局,2025,IVL秋季赛常规赛,2025-10-24,1600,FPX.ZQ,TE,3,主,FPX.ZQ,dongx,2,2,平,,不归林,湖景村,空军,佣兵,气象学家,幸运儿,古董商,大副,,,,鹿头,跛脚羊,,先知,火灾调查员,,,记录员,歌剧演员,,守墓人,飞行家,,,入殓师,,机械师,,哭泣小丑,杂技演员,喧嚣,失常,传送,主,0,drop,机械师,0.04,0,0,0,116,淘汰,maom,杂技演员,2.49,0,1,1,17,出门,libao,守墓人,1.34,0,1,0,49,出门,lconfid,飞行家,2,0,1,0,45,淘汰,6,7,ppei,喧嚣,,心理学家,魔术师,
35,6,2025-10-24_1600_FPX.ZQ_vs_TE_R6_G3,FPX.ZQ vs TE,TE,FPX.ZQ,2,2,平局,2025,IVL秋季赛常规赛,2025-10-24,1600,FPX.ZQ,TE,3,客,TE,suda,2,2,平,,不归林,湖景村,飞行家,哭泣小丑,火灾调查员,木偶师,弓箭手,魔术师,,,,喧嚣,跛脚羊,,先知,冒险家,,,歌剧演员,杂货商,,心理学家,空军,,,幸运儿,,教授,,前锋,守墓人,蜘蛛,闪现,传送,主,0,stian,心理学家,0,0,0,0,85,淘汰,yuan,教授,3,0,1,0,35,出门,lin,空军,1.38,0,2,1,54,出门,yihua,守墓人,1.28,0,1,1,76,淘汰,7,37,ppei,喧嚣,,佣兵,大副,
36,1,2025-10-24_1800_WBG_vs_GR_R1_G1,WBG vs GR,GR,WBG,3,1,监管胜,2025,IVL秋季赛常规赛,2025-10-24,1800,WBG,GR,1,客,GR,jin,1,3,屠,湖景村,里奥的回忆,不归林,,,,,,,,,,,,,古董商,大副,,,,,,守墓人,魔术师,,,幸运儿,,弓箭手,,先知,飞行家,喧嚣,移形,未携带,主,0,koting,飞行家,1.91,0,1,0,51,淘汰,guoker,魔术师,1.52,0,2,0,23,出门,huiyi,守墓人,0,0,0,0,58,淘汰,persica,弓箭手,2.07,0,0,0,67,淘汰,5,38,jin,歌剧演员,,,,
36,2,2025-10-24_1800_WBG_vs_GR_R2_G1,WBG vs GR,WBG,GR,2,2,平局,2025,IVL秋季赛常规赛,2025-10-24,1800,WBG,GR,1,主,WBG,n1e,2,2,平,湖景村,里奥的回忆,不归林,,,,,,,,,,,,,先知,古董商,,,,,,逃脱大师,幸运儿,,,气象学家,,机械师,,教授,木偶师,跛脚羊,失常,传送,主,0,ac,机械师,1,1,0,0,65,淘汰,heart,逃脱大师,1.31,0,2,0,86,淘汰,red,木偶师,1.91,0,2,1,23,出门,ak,幸运儿,1.76,0,1,0,83,出门,6,58,jin,歌剧演员,,,,
36,3,2025-10-24_1800_WBG_vs_GR_R3_G2,WBG vs GR,WBG,GR,2,2,平局,2025,IVL秋季赛常规赛,2025-10-24,1800,WBG,GR,2,主,WBG,n1e,2,2,平,,唐人街,月亮河公园,逃脱大师,幸运儿,机械师,,,,,,,跛脚羊,,,先知,飞行家,,,时空之影,,,佣兵,气象学家,,,古董商,,弓箭手,,哭泣小丑,小女孩,歌剧演员,闪现,传送,客,0,ac,气象学家,2.13,0,0,0,30,淘汰,heart,佣兵,1.24,0,1,0,23,出门,red,弓箭手,0,0,0,0,108,淘汰,ak,小女孩,1.83,0,1,0,32,出门,4,51,jin,歌剧演员,,木偶师,,
36,4,2025-10-24_1800_WBG_vs_GR_R4_G2,WBG vs GR,GR,WBG,5,0,监管胜,2025,IVL秋季赛常规赛,2025-10-24,1800,WBG,GR,2,客,GR,jin,0,5,屠,,唐人街,月亮河公园,守墓人,魔术师,弓箭手,,,,,,,喧嚣,,,古董商,幸运儿,,,跛脚羊,,,佣兵,气象学家,,,哭泣小丑,,火灾调查员,,入殓师,小女孩,歌剧演员,闪现,传送,客,1,koting,小女孩,0.17,0,0,0,43,淘汰,guoker,火灾调查员,1.2,0,1,1,54,淘汰,huiyi,佣兵,1.99,0,1,0,61,淘汰,persica,气象学家,2.2,1,1,0,35,淘汰,8,45,jin,歌剧演员,,飞行家,,
37,1,2025-10-25_1400_Wolves_vs_GW_R1_G1,Wolves vs GW,GW,Wolves,2,2,平局,2025,IVL秋季赛常规赛,2025-10-25,1400,Wolves,GW,1,客,GW,littlie,2,2,平,唐人街,月亮河公园,里奥的回忆,,,,,,,,,,,,,先知,古董商,,,,,,大副,木偶师,,,幸运儿,,机械师,,飞行家,骑士,爱哭鬼,闪现,传送,主,0,tian,木偶师,2,0,1,0,79,淘汰,jelly,机械师,0.37,0,0,1,28,淘汰,487,骑士,1.67,0,0,0,26,出门,xmx,大副,1.77,0,1,0,73,出门,6,1,choai,歌剧演员,,,,
37,2,2025-10-25_1400_Wolves_vs_GW_R2_G1,Wolves vs GW,Wolves,GW,2,2,平局,2025,IVL秋季赛常规赛,2025-10-25,1400,Wolves,GW,1,主,Wolves,choai,2,2,平,唐人街,月亮河公园,里奥的回忆,,,,,,,,,,,,,先知,古董商,,,,,,木偶师,魔术师,,,大副,,守墓人,,飞行家,气象学家,时空之影,闪现,未携带,主,0,lancelot,魔术师,0.05,0,0,0,76,出门,leil,气象学家,2.13,0,2,1,111,淘汰,lion,守墓人,1.4,0,0,0,79,出门,unicorn,木偶师,1.87,0,1,0,43,出门,8,49,choai,歌剧演员,,,,
37,3,2025-10-25_1400_Wolves_vs_GW_R3_G2,Wolves vs GW,Wolves,GW,1,3,求生胜,2025,IVL秋季赛常规赛,2025-10-25,1400,Wolves,GW,2,主,Wolves,choai,1,3,人,,唐人街,永眠镇,木偶师,魔术师,守墓人,,,,,,,时空之影,,,先知,火灾调查员,,,跛脚羊,,,古董商,飞行家,,,幸运儿,,拉拉队员,,逃脱大师,佣兵,喧嚣,移形,未携带,客,0,lancelot,飞行家,1.61,0,1,0,32,出门,leil,拉拉队员,2,0,0,0,5,出门,lion,佣兵,1.39,0,1,0,39,出门,unicorn,古董商,0,0,0,0,118,淘汰,4,28,choai,歌剧演员,,气象学家,,
37,4,2025-10-25_1400_Wolves_vs_GW_R4_G2,Wolves vs GW,GW,Wolves,1,3,求生胜,2025,IVL秋季赛常规赛,2025-10-25,1400,Wolves,GW,2,客,GW,tzym,3,1,人,,唐人街,永眠镇,大副,木偶师,机械师,,,,,,,爱哭鬼,,,先知,古董商,,,跛脚羊,,,佣兵,空军,,,飞行家,,幸运儿,,火灾调查员,杂技演员,鹿头,移形,未使用,客,0,tian,杂技演员,0.85,0,0,0,90,淘汰,jelly,幸运儿,1.12,0,0,1,99,出门,487,空军,1.75,0,1,0,39,出门,xmx,佣兵,1.28,0,1,0,30,出门,4,51,choai,歌剧演员,,骑士,,
37,5,2025-10-25_1400_Wolves_vs_GW_R5_G3,Wolves vs GW,GW,Wolves,2,2,平局,2025,IVL秋季赛常规赛,2025-10-25,1400,Wolves,GW,3,客,GW,tzym,2,2,平,,军工厂,红教堂,佣兵,空军,幸运儿,大副,木偶师,机械师,,,,鹿头,爱哭鬼,,先知,古董商,,,跛脚羊,歌剧演员,,守墓人,拉拉队员,,,飞行家,,气象学家,,火灾调查员,勘探员,喧嚣,移形,未携带,主,0,tian,气象学家,0,0,0,0,118,淘汰,jelly,拉拉队员,1.64,0,1,0,56,淘汰,487,勘探员,1.59,0,0,0,41,出门,xmx,守墓人,1.77,0,1,0,33,出门,4,54,choai,歌剧演员,,杂技演员,骑士,
37,6,2025-10-25_1400_Wolves_vs_GW_R6_G3,Wolves vs GW,Wolves,GW,2,2,平局,2025,IVL秋季赛常规赛,2025-10-25,1400,Wolves,GW,3,主,Wolves,choai,2,2,平,,军工厂,红教堂,古董商,飞行家,拉拉队员,木偶师,魔术师,守墓人,,,,喧嚣,时空之影,,先知,前锋,,,跛脚羊,歌剧演员,,火灾调查员,幸运儿,,,杂技演员,,小说家,,逃脱大师,大副,杂货商,闪现,传送,主,0,lancelot,幸运儿,0.07,0,0,0,47,淘汰,leil,火灾调查员,2,0,1,1,22,出门,lion,大副,1.67,0,1,0,79,淘汰,unicorn,小说家,1.7,0,0,0,52,出门,6,1,choai,歌剧演员,,佣兵,气象学家,
37,7,2025-10-25_1400_Wolves_vs_GW_R7_G加,Wolves vs GW,GW,Wolves,2,2,平局,2025,IVL秋季赛常规赛,2025-10-25,1400,Wolves,GW,加,客,GW,tzym,2,2,平,,,军工厂,守墓人,拉拉队员,气象学家,佣兵,空军,幸运儿,大副,木偶师,机械师,喧嚣,鹿头,爱哭鬼,先知,古董商,,,歌剧演员,跛脚羊,,火灾调查员,飞行家,,,哭泣小丑,,小说家,,前锋,邮差,时空之影,闪现,未携带,客,0,tian,火灾调查员,2.19,0,0,0,5,出门,jelly,小说家,0.08,1,0,0,100,淘汰,487,邮差,1.5,0,1,0,60,淘汰,xmx,飞行家,2.02,0,1,0,49,出门,5,34,choai,歌剧演员,,勘探员,杂技演员,骑士
37,8,2025-10-25_1400_Wolves_vs_GW_R8_G加,Wolves vs GW,Wolves,GW,5,0,监管胜,2025,IVL秋季赛常规赛,2025-10-25,1400,Wolves,GW,加,主,Wolves,choai,5,0,屠,,,军工厂,火灾调查员,幸运儿,小说家,古董商,飞行家,拉拉队员,木偶师,魔术师,守墓人,杂货商,喧嚣,时空之影,先知,冒险家,,,跛脚羊,隐士,,画家,入殓师,,,骑士,,野人,,弓箭手,囚徒,歌剧演员,失常,闪现,客,1,lancelot,囚徒,1.73,0,0,0,53,淘汰,leil,画家,2.2,0,0,0,21,淘汰,lion,野人,2.14,0,1,0,71,淘汰,unicorn,入殓师,0,0,1,0,55,淘汰,6,24,choai,歌剧演员,,大副,佣兵,气象学家
38,1,2025-10-25_1600_TE_vs_MRC_R1_G1,TE vs MRC,MRC,TE,3,1,监管胜,2025,IVL秋季赛常规赛,2025-10-25,1600,TE,MRC,1,客,MRC,bailu,1,3,屠,月亮河公园,唐人街,不归林,,,,,,,,,,,,,先知,大副,,,,,,幸运儿,咒术师,,,逃脱大师,,守墓人,,飞行家,木偶师,喧嚣,移形,未携带,主,0,drop,幸运儿,2.91,0,1,0,38,淘汰,maom,咒术师,0,0,0,0,114,淘汰,libao,守墓人,1.34,0,2,0,70,出门,lconfid,木偶师,1.32,0,1,2,62,淘汰,6,46,ppei,跛脚羊,,,,
38,2,2025-10-25_1600_TE_vs_MRC_R2_G1,TE vs MRC,TE,MRC,5,0,监管胜,2025,IVL秋季赛常规赛,2025-10-25,1600,TE,MRC,1,主,TE,ppei,5,0,屠,月亮河公园,唐人街,不归林,,,,,,,,,,,,,先知,古董商,,,,,,冒险家,木偶师,,,幸运儿,,骑士,,机械师,守墓人,跛脚羊,窥视者,兴奋,主,1,xiaox,守墓人,1.64,1,2,0,100,淘汰,huac,木偶师,1.84,0,1,1,80,淘汰,nanako,骑士,1.85,0,2,0,70,淘汰,xiaod,冒险家,0,0,0,0,63,淘汰,9,18,ppei,跛脚羊,,,,
38,3,2025-10-25_1600_TE_vs_MRC_R3_G2,TE vs MRC,MRC,TE,2,2,平局,2025,IVL秋季赛常规赛,2025-10-25,1600,TE,MRC,2,客,MRC,bailu,2,2,平,,唐人街,月亮河公园,幸运儿,咒术师,守墓人,,,,,,,喧嚣,,,先知,古董商,,,跛脚羊,,,空军,气象学家,,,野人,,佣兵,,入殓师,调酒师,歌剧演员,窥视者,传送,客,0,drop,调酒师,2.46,0,2,2,40,淘汰,maom,空军,1.97,0,0,0,40,出门,libao,佣兵,1.93,0,2,0,79,出门,lconfid,气象学家,0,0,0,0,98,淘汰,7,0,ppei,跛脚羊,,木偶师,,
38,4,2025-10-25_1600_TE_vs_MRC_R4_G2,TE vs MRC,TE,MRC,3,1,监管胜,2025,IVL秋季赛常规赛,2025-10-25,1600,TE,MRC,2,主,TE,ppei,3,1,屠,,唐人街,月亮河公园,冒险家,木偶师,骑士,,,,,,,跛脚羊,,,先知,幸运儿,,,歌剧演员,,,病患,逃脱大师,,,机械师,,气象学家,,空军,囚徒,喧嚣,移形,未携带,客,0,xiaox,逃脱大师,1.09,0,2,0,65,淘汰,huac,病患,2.94,0,0,0,0,出门,nanako,囚徒,0,0,0,0,70,淘汰,xiaod,气象学家,1.63,0,1,0,60,淘汰,5,16,ppei,跛脚羊,,守墓人,,
39,1,2025-10-25_1800_GG_vs_DOU5_R1_G1,GG vs DOU5,DOU5,GG,1,3,求生胜,2025,IVL秋季赛常规赛,2025-10-25,1800,GG,DOU5,1,客,DOU5,mhxm,3,1,人,永眠镇,唐人街,不归林,,,,,,,,,,,,,先知,古董商,,,,,,大副,幸运儿,,,教授,,咒术师,,木偶师,气象学家,跛脚羊,窥视者,未使用,主,0,ppz,咒术师,1.78,0,1,1,81,出门,18,幸运儿,0,0,1,1,99,淘汰,kucao,大副,2.03,0,1,0,38,出门,ppxia,气象学家,1.68,0,1,0,86,出门,6,0,18,飞行家,,,,
39,2,2025-10-25_1800_GG_vs_DOU5_R2_G1,GG vs DOU5,GG,DOU5,2,2,平局,2025,IVL秋季赛常规赛,2025-10-25,1800,GG,DOU5,1,主,GG,qiu,2,2,平,永眠镇,唐人街,不归林,,,,,,,,,,,,,先知,古董商,,,,,,守墓人,气象学家,,,幸运儿,,木偶师,,弓箭手,魔术师,喧嚣,移形,未携带,主,0,czai,木偶师,1.23,0,1,0,70,淘汰,chen,魔术师,0,0,0,0,96,淘汰,楠,守墓人,2.15,0,1,0,24,出门,silverzhi,气象学家,2.37,0,1,1,22,出门,5,33,18,飞行家,,,,
39,3,2025-10-25_1800_GG_vs_DOU5_R3_G2,GG vs DOU5,GG,DOU5,2,2,平局,2025,IVL秋季赛常规赛,2025-10-25,1800,GG,DOU5,2,主,GG,xawm,2,2,平,,里奥的回忆,月亮河公园,守墓人,气象学家,木偶师,,,,,,,喧嚣,,,先知,古董商,,,跛脚羊,,,幸运儿,小说家,,,佣兵,,大副,,飞行家,病患,歌剧演员,闪现,传送,客,0,czai,小说家,3,1,3,0,79,淘汰,chen,病患,2.38,0,1,1,94,出门,楠,大副,1.48,1,1,1,76,出门,silverzhi,幸运儿,0,0,0,0,52,淘汰,8,31,18,飞行家,,魔术师,,
39,4,2025-10-25_1800_GG_vs_DOU5_R4_G2,GG vs DOU5,DOU5,GG,5,0,监管胜,2025,IVL秋季赛常规赛,2025-10-25,1800,GG,DOU5,2,客,DOU5,mhxm,0,5,屠,,里奥的回忆,月亮河公园,大副,幸运儿,咒术师,,,,,,,跛脚羊,,,先知,飞行家,,,歌剧演员,,,逃脱大师,空军,,,火灾调查员,,小说家,,心理学家,病患,喧嚣,移形,未携带,客,0,ppz,小说家,0.01,2,0,0,73,淘汰,18,病患,2.05,0,1,0,59,淘汰,kucao,逃脱大师,1.42,0,1,0,57,淘汰,ppxia,空军,1.88,0,2,1,68,淘汰,6,4,18,飞行家,,气象学家,,
39,5,2025-10-25_1800_GG_vs_DOU5_R5_G3,GG vs DOU5,GG,DOU5,2,2,平局,2025,IVL秋季赛常规赛,2025-10-25,1800,GG,DOU5,3,主,GG,xawm,2,2,平,,唐人街,永眠镇,幸运儿,小说家,大副,守墓人,气象学家,木偶师,,,,歌剧演员,喧嚣,,先知,机械师,,,跛脚羊,破轮,,逃脱大师,入殓师,,,祭司,,空军,,飞行家,火灾调查员,鹿头,移形,未使用,主,0,czai,空军,1.12,0,1,0,71,淘汰,chen,火灾调查员,0.03,0,0,0,159,淘汰,楠,逃脱大师,1.93,0,1,1,24,出门,silverzhi,入殓师,1.97,0,1,0,0,出门,5,1,18,飞行家,,病患,魔术师,
39,6,2025-10-25_1800_GG_vs_DOU5_R6_G3,GG vs DOU5,DOU5,GG,1,3,求生胜,2025,IVL秋季赛常规赛,2025-10-25,1800,GG,DOU5,3,客,DOU5,yan,3,1,人,,唐人街,永眠镇,逃脱大师,空军,小说家,大副,幸运儿,咒术师,,,,喧嚣,跛脚羊,,先知,古董商,,,时空之影,梦之女巫,,飞行家,火灾调查员,,,冒险家,,教授,,前锋,哭泣小丑,杂货商,移形,未使用,主,0,ppz,火灾调查员,2.05,0,0,0,54,出门,18,飞行家,0.17,0,0,0,115,淘汰,kucao,哭泣小丑,1.51,0,3,0,34,出门,ppxia,教授,1.49,0,1,0,51,出门,5,49,18,飞行家,,病患,气象学家,
40,1,2025-10-26_1400_ACT_vs_FPX.ZQ_R1_G1,ACT vs FPX.ZQ,FPX.ZQ,ACT,2,2,平局,2025,IVL秋季赛常规赛,2025-10-26,1400,ACT,FPX.ZQ,1,客,FPX.ZQ,dongx,2,2,平,湖景村,月亮河公园,永眠镇,,,,,,,,,,,,,先知,咒术师,,,,,,大副,古董商,,,教授,,木偶师,,魔术师,气象学家,跛脚羊,闪现,传送,主,0,eleven,大副,1.75,0,1,0,29,出门,gougou,木偶师,1.21,0,2,0,30,出门,xy,古董商,2.13,0,0,0,46,淘汰,xmiao5,气象学家,0,2,0,0,128,淘汰,6,25,zz9,歌剧演员,,,,
40,2,2025-10-26_1400_ACT_vs_FPX.ZQ_R2_G1,ACT vs FPX.ZQ,ACT,FPX.ZQ,3,1,监管胜,2025,IVL秋季赛常规赛,2025-10-26,1400,ACT,FPX.ZQ,1,主,ACT,zz9,3,1,屠,湖景村,月亮河公园,永眠镇,,,,,,,,,,,,,先知,大副,,,,,,守墓人,咒术师,,,教授,,木偶师,,魔术师,幸运儿,时空之影,闪现,未携带,主,0,stian,咒术师,1.38,1,4,0,71,出门,yuan,木偶师,2.47,0,2,0,71,淘汰,lin,幸运儿,2.2,0,2,0,139,淘汰,yihua,守墓人,0.05,0,0,0,88,淘汰,11,28,zz9,歌剧演员,,,,
40,3,2025-10-26_1400_ACT_vs_FPX.ZQ_R3_G2,ACT vs FPX.ZQ,FPX.ZQ,ACT,2,2,平局,2025,IVL秋季赛常规赛,2025-10-26,1400,ACT,FPX.ZQ,2,客,FPX.ZQ,dongx,2,2,平,,军工厂,红教堂,大副,古董商,木偶师,,,,,,,跛脚羊,,,先知,火灾调查员,,,歌剧演员,,,逃脱大师,幸运儿,,,教授,,小说家,,飞行家,心理学家,记录员,闪现,移形,客,0,eleven,逃脱大师,1.47,0,0,0,26,淘汰,gougou,心理学家,2.01,0,1,2,38,出门,xy,幸运儿,0.76,2,0,1,115,出门,xmiao5,小说家,0.79,1,4,0,122,淘汰,7,4,zz9,歌剧演员,,气象学家,,
40,4,2025-10-26_1400_ACT_vs_FPX.ZQ_R4_G2,ACT vs FPX.ZQ,ACT,FPX.ZQ,5,0,监管胜,2025,IVL秋季赛常规赛,2025-10-26,1400,ACT,FPX.ZQ,2,主,ACT,zz9,5,0,屠,,军工厂,红教堂,守墓人,咒术师,木偶师,,,,,,,时空之影,,,先知,古董商,,,跛脚羊,,,小说家,入殓师,,,火灾调查员,,大副,,气象学家,飞行家,歌剧演员,闪现,未携带,客,3,stian,入殓师,0,0,0,0,40,淘汰,yuan,飞行家,1.74,0,2,0,23,淘汰,lin,小说家,1.67,0,0,1,43,淘汰,yihua,大副,0.88,0,2,0,74,淘汰,5,21,zz9,歌剧演员,,幸运儿,,
41,1,2025-10-26_1600_WBG_vs_DOU5_R1_G1,WBG vs DOU5,WBG,DOU5,5,0,监管胜,2025,IVL秋季赛常规赛,2025-10-26,1600,WBG,DOU5,1,主,WBG,n1e,5,0,屠,里奥的回忆,不归林,永眠镇,,,,,,,,,,,,,先知,古董商,,,,,,幸运儿,大副,,,木偶师,,教授,,咒术师,魔术师,跛脚羊,闪现,传送,主,0,czai,教授,1.55,0,1,0,148,淘汰,chen,魔术师,3.08,0,2,2,72,淘汰,楠,大副,1.75,0,1,0,86,淘汰,silverzhi,幸运儿,0,0,0,0,64,淘汰,9,13,n1e,喧嚣,,,,
41,2,2025-10-26_1600_WBG_vs_DOU5_R2_G1,WBG vs DOU5,DOU5,WBG,2,2,平局,2025,IVL秋季赛常规赛,2025-10-26,1600,WBG,DOU5,1,客,DOU5,mhxm,2,2,平,里奥的回忆,不归林,永眠镇,,,,,,,,,,,,,先知,大副,,,,,,逃脱大师,木偶师,,,幸运儿,,魔术师,,气象学家,弓箭手,杂货商,移形,传送,主,0,koting,魔术师,1.3,0,1,0,45,淘汰,guoker,木偶师,2.01,0,1,0,11,出门,huiyi,逃脱大师,0,0,0,0,51,淘汰,persica,弓箭手,1.99,0,1,0,29,出门,5,20,n1e,喧嚣,,,,
41,3,2025-10-26_1600_WBG_vs_DOU5_R3_G2,WBG vs DOU5,WBG,DOU5,2,2,平局,2025,IVL秋季赛常规赛,2025-10-26,1600,WBG,DOU5,2,主,WBG,n1e,2,2,平,,唐人街,月亮河公园,幸运儿,大副,教授,,,,,,,跛脚羊,,,先知,气象学家,,,歌剧演员,,,空军,逃脱大师,,,火灾调查员,,入殓师,,飞行家,病患,孽蜥,闪现,未携带,客,0,czai,空军,1.37,0,1,0,69,出门,chen,病患,2,0,1,1,75,淘汰,楠,逃脱大师,0,0,0,0,64,淘汰,silverzhi,入殓师,2.43,0,1,0,16,出门,7,21,n1e,喧嚣,,魔术师,,
41,4,2025-10-26_1600_WBG_vs_DOU5_R4_G2,WBG vs DOU5,DOU5,WBG,3,1,监管胜,2025,IVL秋季赛常规赛,2025-10-26,1600,WBG,DOU5,2,客,DOU5,mhxm,1,3,屠,,唐人街,月亮河公园,逃脱大师,木偶师,魔术师,,,,,,,杂货商,,,先知,古董商,,,跛脚羊,,,佣兵,幸运儿,,,气象学家,,飞行家,,小说家,园丁,歌剧演员,失常,移形,客,0,koting,园丁,0,1,0,0,104,淘汰,guoker,飞行家,3.47,0,1,1,0,出门,huiyi,佣兵,1.59,0,2,0,57,淘汰,persica,幸运儿,1.68,1,1,0,63,淘汰,7,30,n1e,喧嚣,,弓箭手,,
41,5,2025-10-26_1600_WBG_vs_DOU5_R5_G3,WBG vs DOU5,WBG,DOU5,5,0,监管胜,2025,IVL秋季赛常规赛,2025-10-26,1600,WBG,DOU5,3,主,WBG,n1e,5,0,屠,,军工厂,红教堂,空军,逃脱大师,入殓师,幸运儿,大副,教授,,,,孽蜥,跛脚羊,,先知,古董商,,,歌剧演员,时空之影,,前锋,小说家,,,飞行家,,机械师,,心理学家,邮差,喧嚣,窥视者,传送,主,4,czai,前锋,0.43,0,1,0,87,淘汰,chen,邮差,1.57,0,2,0,36,淘汰,楠,小说家,0,0,0,0,57,淘汰,silverzhi,机械师,1.69,0,1,1,62,淘汰,5,51,n1e,喧嚣,,病患,魔术师,
41,6,2025-10-26_1600_WBG_vs_DOU5_R6_G3,WBG vs DOU5,DOU5,WBG,2,2,平局,2025,IVL秋季赛常规赛,2025-10-26,1600,WBG,DOU5,3,客,DOU5,mhxm,2,2,平,,军工厂,红教堂,佣兵,幸运儿,飞行家,逃脱大师,木偶师,魔术师,,,,歌剧演员,杂货商,,先知,小说家,,,跛脚羊,喧嚣,,大副,机械师,,,火灾调查员,,古董商,,记者,气象学家,使徒,移形,传送,主,0,koting,气象学家,2,0,1,0,39,淘汰,guoker,古董商,1.12,0,2,0,74,出门,huiyi,大副,2,0,0,0,5,出门,persica,机械师,0,0,0,0,97,淘汰,4,52,n1e,喧嚣,,园丁,弓箭手,
42,1,2025-10-26_1800_MRC_vs_GW_R1_G1,MRC vs GW,GW,MRC,2,2,平局,2025,IVL秋季赛常规赛,2025-10-26,1800,MRC,GW,1,客,GW,littlie,2,2,平,月亮河公园,唐人街,里奥的回忆,,,,,,,,,,,,,先知,古董商,,,,,,机械师,木偶师,,,骑士,,大副,,幸运儿,杂技演员,跛脚羊,失常,传送,主,0,xiaox,大副,1.47,0,1,0,27,出门,huac,木偶师,1.22,2,1,0,91,淘汰,nanako,杂技演员,2,0,0,0,0,出门,xiaod,机械师,1,0,0,0,108,淘汰,4,49,bailu,歌剧演员,,,,
42,2,2025-10-26_1800_MRC_vs_GW_R2_G1,MRC vs GW,MRC,GW,3,1,监管胜,2025,IVL秋季赛常规赛,2025-10-26,1800,MRC,GW,1,主,MRC,bailu,3,1,屠,月亮河公园,唐人街,里奥的回忆,,,,,,,,,,,,,先知,古董商,,,,,,木偶师,魔术师,,,飞行家,,气象学家,,守墓人,大副,歌剧演员,闪现,传送,主,0,lancelot,魔术师,2.65,0,0,0,8,出门,leil,气象学家,0,0,0,0,60,淘汰,lion,大副,1.18,0,2,0,65,淘汰,unicorn,木偶师,1.17,0,2,0,44,淘汰,5,55,bailu,歌剧演员,,,,
42,3,2025-10-26_1800_MRC_vs_GW_R3_G2,MRC vs GW,GW,MRC,2,2,平局,2025,IVL秋季赛常规赛,2025-10-26,1800,MRC,GW,2,客,GW,ali,2,2,平,,不归林,红教堂,机械师,木偶师,大副,,,,,,,跛脚羊,,,先知,古董商,,,歌剧演员,,,幸运儿,逃脱大师,,,火灾调查员,,气象学家,,空军,飞行家,孽蜥,闪现,传送,客,0,xiaox,逃脱大师,1.23,0,1,0,62,出门,huac,飞行家,0.22,0,0,0,87,淘汰,nanako,幸运儿,1.6,0,1,0,28,出门,xiaod,气象学家,2.69,0,0,0,25,淘汰,6,6,bailu,歌剧演员,,杂技演员,,
42,4,2025-10-26_1800_MRC_vs_GW_R4_G2,MRC vs GW,MRC,GW,3,1,监管胜,2025,IVL秋季赛常规赛,2025-10-26,1800,MRC,GW,2,主,MRC,bailu,3,1,屠,,不归林,红教堂,木偶师,魔术师,气象学家,,,,,,,歌剧演员,,,先知,逃脱大师,,,跛脚羊,,,佣兵,幸运儿,,,飞行家,,火灾调查员,,弓箭手,杂技演员,喧嚣,移形,未携带,客,0,lancelot,杂技演员,1.33,0,0,0,39,淘汰,leil,火灾调查员,2.62,0,1,1,28,淘汰,lion,佣兵,1.9,0,1,0,16,出门,unicorn,幸运儿,0,0,0,0,101,淘汰,5,19,bailu,歌剧演员,,大副,,
43,1,2025-10-31_1400_Wolves_vs_ACT_R1_G1,Wolves vs ACT,ACT,Wolves,1,3,求生胜,2025,IVL秋季赛常规赛,2025-10-31,1400,Wolves,ACT,1,客,ACT,zz9,3,1,人,红教堂,里奥的回忆,不归林,,,,,,,,,,,,,先知,教授,,,,,,幸运儿,魔术师,,,木偶师,,骑士,,守墓人,大副,跛脚羊,窥视者,移形,主,0,tian,魔术师,0.36,0,0,0,70,淘汰,jelly,骑士,1.79,0,1,0,17,出门,487,幸运儿,2.04,0,0,1,79,出门,xmx,大副,0.92,0,2,0,60,出门,6,2,zz9,歌剧演员,,,,
43,2,2025-10-31_1400_Wolves_vs_ACT_R2_G1,Wolves vs ACT,Wolves,ACT,2,2,平局,2025,IVL秋季赛常规赛,2025-10-31,1400,Wolves,ACT,1,主,Wolves,choai,2,2,平,红教堂,里奥的回忆,不归林,,,,,,,,,,,,,先知,古董商,,,,,,大副,咒术师,,,木偶师,,教授,,气象学家,魔术师,喧嚣,移形,未携带,主,0,eleven,大副,1.61,0,1,0,23,出门,gougou,咒术师,2,0,0,0,17,出门,xy,教授,2.25,0,1,0,50,淘汰,xmiao5,魔术师,0,1,0,0,99,淘汰,5,13,zz9,歌剧演员,,,,
43,3,2025-10-31_1400_Wolves_vs_ACT_R3_G2,Wolves vs ACT,Wolves,ACT,1,3,求生胜,2025,IVL秋季赛常规赛,2025-10-31,1400,Wolves,ACT,2,主,Wolves,yeyv,1,3,人,,唐人街,月亮河公园,大副,咒术师,教授,,,,,,,喧嚣,,,古董商,气象学家,,,跛脚羊,,,佣兵,气象学家,,,空军,,园丁,,幸运儿,哭泣小丑,26号守卫,移形,传送,客,0,eleven,佣兵,1,0,0,0,49,出门,gougou,哭泣小丑,0,0,0,0,107,淘汰,xy,园丁,1.74,0,1,1,65,出门,xmiao5,气象学家,3,0,0,0,27,出门,5,28,zz9,歌剧演员,,魔术师,,
43,4,2025-10-31_1400_Wolves_vs_ACT_R4_G2,Wolves vs ACT,ACT,Wolves,5,0,监管胜,2025,IVL秋季赛常规赛,2025-10-31,1400,Wolves,ACT,2,客,ACT,zz9,0,5,屠,,唐人街,月亮河公园,幸运儿,魔术师,骑士,,,,,,,跛脚羊,,,先知,空军,,,时空之影,,,古董商,佣兵,,,气象学家,,火灾调查员,,病患,飞行家,歌剧演员,闪现,失常,客,1,tian,火灾调查员,2.42,0,0,1,39,淘汰,jelly,飞行家,0,0,0,0,116,淘汰,487,古董商,1.7,0,0,0,107,淘汰,xmx,佣兵,2.24,0,3,0,62,淘汰,8,0,zz9,歌剧演员,,大副,,
43,5,2025-10-31_1400_Wolves_vs_ACT_R5_G3,Wolves vs ACT,Wolves,ACT,2,2,平局,2025,IVL秋季赛常规赛,2025-10-31,1400,Wolves,ACT,3,主,Wolves,choai,2,2,平,,军工厂,红教堂,佣兵,气象学家,园丁,大副,咒术师,教授,,,,26号守卫,喧嚣,,先知,古董商,,,跛脚羊,歌剧演员,,幸运儿,火灾调查员,,,空军,,守墓人,,拉拉队员,勘探员,杂货商,闪现,传送,主,0,eleven,守墓人,1.66,0,2,0,38,出门,gougou,火灾调查员,0,0,0,0,92,淘汰,xy,幸运儿,3.18,0,0,0,1,0,xmiao5,勘探员,1.16,0,0,0,74,淘汰,6,17,zz9,歌剧演员,,哭泣小丑,魔术师,
43,6,2025-10-31_1400_Wolves_vs_ACT_R6_G3,Wolves vs ACT,ACT,Wolves,2,2,平局,2025,IVL秋季赛常规赛,2025-10-31,1400,Wolves,ACT,3,客,ACT,zz9,2,2,平,,军工厂,红教堂,古董商,佣兵,火灾调查员,幸运儿,魔术师,骑士,,,,歌剧演员,跛脚羊,,先知,拉拉队员,,,喧嚣,时空之影,,小说家,气象学家,,,教授,,守墓人,,邮差,勘探员,杂货商,闪现,传送,主,0,tian,气象学家,0.19,0,0,0,101,淘汰,jelly,小说家,2.01,0,0,0,82,出门,487,勘探员,1.77,0,0,1,64,淘汰,xmx,守墓人,1.59,0,2,1,33,出门,7,0,zz9,歌剧演员,,飞行家,大副,
44,1,2025-10-31_1600_TE_vs_GR_R1_G1,TE vs GR,TE,GR,5,0,监管胜,2025,IVL秋季赛常规赛,2025-10-31,1600,TE,GR,1,主,TE,ppei,5,0,屠,里奥的回忆,唐人街,不归林,,,,,,,,,,,,,先知,古董商,,,,,,逃脱大师,幸运儿,,,机械师,,木偶师,,弓箭手,气象学家,跛脚羊,窥视者,传送,主,1,ac,气象学家,2.66,0,0,1,20,淘汰,heart,逃脱大师,1.48,0,1,0,16,淘汰,red,木偶师,1.47,0,1,0,47,淘汰,ak,幸运儿,0,0,0,0,61,淘汰,5,39,jin,破轮,,,,
44,2,2025-10-31_1600_TE_vs_GR_R2_G1,TE vs GR,GR,TE,3,1,监管胜,2025,IVL秋季赛常规赛,2025-10-31,1600,TE,GR,1,客,GR,jin,1,3,屠,里奥的回忆,唐人街,不归林,,,,,,,,,,,,,大副,逃脱大师,,,,,,先知,幸运儿,,,守墓人,,佣兵,,机械师,飞行家,26号守卫,移形,未携带,主,,drop,幸运儿,,,,,,淘汰,maom,先知,,,,,,淘汰,libao,佣兵,,,,,,淘汰,lconfid,飞行家,,,,,,出门,,,jin,破轮,,,,
44,3,2025-10-31_1600_TE_vs_GR_R3_G2,TE vs GR,GR,TE,5,0,监管胜,2025,IVL秋季赛常规赛,2025-10-31,1600,TE,GR,2,客,GR,jin,0,5,屠,,唐人街,月亮河公园,先知,幸运儿,佣兵,,,,,,,26号守卫,,,大副,古董商,,,跛脚羊,,,守墓人,气象学家,,,弓箭手,,火灾调查员,,空军,病患,喧嚣,移形,传送,客,1,drop,气象学家,1.01,0,1,1,46,淘汰,maom,火灾调查员,0,0,0,0,86,淘汰,libao,守墓人,2.57,0,2,0,47,淘汰,lconfid,病患,1.81,0,0,0,25,淘汰,6,3,jin,破轮,,飞行家,,
44,4,2025-10-31_1600_TE_vs_GR_R4_G2,TE vs GR,TE,GR,3,1,监管胜,2025,IVL秋季赛常规赛,2025-10-31,1600,TE,GR,2,主,TE,ppei,3,1,屠,,唐人街,月亮河公园,逃脱大师,幸运儿,木偶师,,,,,,,跛脚羊,,,先知,入殓师,,,歌剧演员,,,佣兵,飞行家,,,机械师,,火灾调查员,,空军,弓箭手,喧嚣,移形,窥视者,客,3,ac,火灾调查员,2.13,0,1,0,33,出门,heart,佣兵,0.52,0,1,0,31,淘汰,red,弓箭手,1.91,0,0,0,11,淘汰,ak,飞行家,0,0,0,0,83,淘汰,5,59,jin,破轮,,气象学家,,
44,5,2025-10-31_1600_TE_vs_GR_R5_G3,TE vs GR,GR,TE,5,0,监管胜,2025,IVL秋季赛常规赛,2025-10-31,1600,TE,GR,3,客,GR,jin,0,5,屠,,军工厂,唐人街,守墓人,气象学家,火灾调查员,先知,幸运儿,佣兵,,,,喧嚣,26号守卫,,古董商,祭司,,,跛脚羊,歌剧演员,,前锋,空军,,,昆虫学者,,小说家,,拉拉队员,调酒师,破轮,兴奋,失常,主,1,drop,调酒师,0,0,0,2,185,淘汰,maom,小说家,2.65,0,0,1,74,淘汰,libao,空军,2.96,0,2,0,85,淘汰,lconfid,前锋,1.14,0,2,0,172,淘汰,8,42,jin,破轮,,病患,飞行家,
44,6,2025-10-31_1600_TE_vs_GR_R6_G3,TE vs GR,TE,GR,2,2,平局,2025,IVL秋季赛常规赛,2025-10-31,1600,TE,GR,3,主,TE,suda,2,2,平,,军工厂,唐人街,佣兵,飞行家,火灾调查员,逃脱大师,幸运儿,木偶师,,,,喧嚣,跛脚羊,,前锋,古董商,,,时空之影,歌剧演员,,邮差,入殓师,,,野人,,哭泣小丑,,法罗女士,心理学家,蜘蛛,闪现,传送,主,0,ac,邮差,0,0,0,0,113,淘汰,heart,哭泣小丑,1.98,0,1,1,51,淘汰,red,心理学家,2.45,0,0,0,0,出门,ak,入殓师,1.35,0,1,0,48,出门,6,1,jin,破轮,,弓箭手,气象学家,
45,1,2025-10-31_1800_GG_vs_FPX.ZQ_R1_G1,GG vs FPX.ZQ,FPX.ZQ,GG,3,1,监管胜,2025,IVL秋季赛常规赛,2025-10-31,1800,GG,FPX.ZQ,1,客,FPX.ZQ,dongx,1,3,屠,湖景村,月亮河公园,不归林,,,,,,,,,,,,,先知,幸运儿,,,,,,大副,咒术师,,,教授,,气象学家,,魔术师,木偶师,记录员,移形,未携带,主,0,ppz,咒术师,0.1,0,0,0,81,淘汰,18,木偶师,1.85,0,1,0,70,淘汰,kucao,大副,1.51,0,1,0,91,淘汰,ppxia,气象学家,2.75,0,0,0,20,出门,7,28,xawm,使徒,,,,
45,2,2025-10-31_1800_GG_vs_FPX.ZQ_R2_G1,GG vs FPX.ZQ,GG,FPX.ZQ,2,2,平局,2025,IVL秋季赛常规赛,2025-10-31,1800,GG,FPX.ZQ,1,主,GG,qiu,2,2,平,湖景村,月亮河公园,不归林,,,,,,,,,,,,,先知,大副,,,,,,守墓人,咒术师,,,幸运儿,,魔术师,,气象学家,机械师,喧嚣,移形,未携带,主,0,stian,机械师,2.19,0,1,0,47,出门,long,魔术师,1,0,0,0,42,淘汰,lin,咒术师,1.94,0,1,1,104,淘汰,yihua,守墓人,0.81,0,1,1,61,出门,6,31,xawm,使徒,,,,
45,3,2025-10-31_1800_GG_vs_FPX.ZQ_R3_G2,GG vs FPX.ZQ,GG,FPX.ZQ,2,2,平局,2025,IVL秋季赛常规赛,2025-10-31,1800,GG,FPX.ZQ,2,主,GG,xawm,2,2,平,,里奥的回忆,月亮河公园,守墓人,咒术师,魔术师,,,,,,,喧嚣,,,先知,古董商,,,跛脚羊,,,气象学家,小说家,,,哭泣小丑,,佣兵,,火灾调查员,飞行家,歌剧演员,闪现,传送,客,0,stian,气象学家,2.8,0,0,1,24,出门,long,飞行家,0,0,0,0,95,淘汰,lin,小说家,1.97,1,1,0,51,淘汰,yihua,佣兵,1.46,0,2,0,78,出门,6,27,xawm,使徒,,机械师,,
45,4,2025-10-31_1800_GG_vs_FPX.ZQ_R4_G2,GG vs FPX.ZQ,FPX.ZQ,GG,2,2,平局,2025,IVL秋季赛常规赛,2025-10-31,1800,GG,FPX.ZQ,2,客,FPX.ZQ,dongx,2,2,平,,里奥的回忆,月亮河公园,大副,咒术师,气象学家,,,,,,,记录员,,,先知,古董商,,,跛脚羊,,,病患,佣兵,,,幸运儿,,火灾调查员,,空军,心理学家,喧嚣,移形,未携带,客,0,ppz,心理学家,2,0,0,0,0,出门,18,病患,0,0,0,0,108,淘汰,kucao,佣兵,1.38,0,1,0,36,出门,ppxia,火灾调查员,2,0,1,0,49,淘汰,4,40,xawm,使徒,,木偶师,,
45,5,2025-10-31_1800_GG_vs_FPX.ZQ_R5_G3,GG vs FPX.ZQ,FPX.ZQ,GG,2,2,平局,2025,IVL秋季赛常规赛,2025-10-31,1800,GG,FPX.ZQ,3,客,FPX.ZQ,dongx,2,2,平,,唐人街,红教堂,病患,佣兵,火灾调查员,大副,咒术师,气象学家,,,,喧嚣,记录员,,先知,拉拉队员,,,跛脚羊,时空之影,,幸运儿,古董商,,,守墓人,,哭泣小丑,,飞行家,杂技演员,杂货商,移形,传送,主,0,ppz,古董商,1.6,0,0,0,27,出门,18,幸运儿,0.1,0,0,0,85,淘汰,kucao,哭泣小丑,1.3,1,3,0,44,出门,ppxia,杂技演员,2,0,0,0,20,淘汰,5,20,xawm,使徒,,心理学家,木偶师,
45,6,2025-10-31_1800_GG_vs_FPX.ZQ_R6_G3,GG vs FPX.ZQ,GG,FPX.ZQ,5,0,监管胜,2025,IVL秋季赛常规赛,2025-10-31,1800,GG,FPX.ZQ,3,主,GG,xawm,5,0,屠,,唐人街,红教堂,气象学家,小说家,佣兵,守墓人,咒术师,魔术师,,,,歌剧演员,喧嚣,,先知,入殓师,,,跛脚羊,26号守卫,,大副,教授,,,勘探员,,拉拉队员,,空军,火灾调查员,使徒,移形,传送,主,0,stian,火灾调查员,2.41,0,1,1,53,淘汰,long,教授,0,1,0,0,66,淘汰,lin,拉拉队员,1.11,0,0,1,99,淘汰,yihua,大副,1.8,0,2,1,77,淘汰,7,25,xawm,使徒,,飞行家,机械师,
46,1,2025-11-01_1400_DOU5_vs_WBG_R1_G1,DOU5 vs WBG,WBG,DOU5,2,2,平局,2025,IVL秋季赛常规赛,2025-11-01,1400,DOU5,WBG,1,客,WBG,n1e,2,2,平,月亮河公园,唐人街,湖景村,,,,,,,,,,,,,先知,大副,,,,,,守墓人,气象学家,,,冒险家,,魔术师,,飞行家,咒术师,喧嚣,移形,未携带,主,,czai,咒术师,,,,,,,chen,魔术师,,,,,,,楠,守墓人,,,,,,,silverzhi,气象学家,,,,,,,,,guoker,法罗女士,,,,
46,2,2025-11-01_1400_DOU5_vs_WBG_R2_G1,DOU5 vs WBG,DOU5,WBG,2,2,平局,2025,IVL秋季赛常规赛,2025-11-01,1400,DOU5,WBG,1,主,DOU5,mhxm,2,2,平,月亮河公园,唐人街,湖景村,,,,,,,,,,,,,先知,古董商,,,,,,守墓人,冒险家,,,木偶师,,魔术师,,弓箭手,气象学家,跛脚羊,,,主,0,koting,冒险家,,,,,,,guoker,魔术师,,,,,,,huiyi,守墓人,,,,,,,persica,气象学家,,,,,,,5,56,guoker,法罗女士,,,,
46,3,2025-11-01_1400_DOU5_vs_WBG_R3_G2,DOU5 vs WBG,WBG,DOU5,2,2,平局,2025,IVL秋季赛常规赛,2025-11-01,1400,DOU5,WBG,2,客,WBG,n1e,2,2,平,,红教堂,唐人街,守墓人,气象学家,魔术师,,,,,,,喧嚣,,,先知,冒险家,,,歌剧演员,,,大副,古董商,,,幸运儿,,飞行家,,木偶师,教授,跛脚羊,闪现,,客,,czai,古董商,,,,,,,chen,飞行家,,,,,,,楠,大副,,,,,,,silverzhi,教授,,,,,,,,,guoker,法罗女士,,咒术师,,
46,4,2025-11-01_1400_DOU5_vs_WBG_R4_G2,DOU5 vs WBG,DOU5,WBG,2,2,平局,2025,IVL秋季赛常规赛,2025-11-01,1400,DOU5,WBG,2,主,DOU5,mhxm,2,2,平,,红教堂,唐人街,守墓人,冒险家,魔术师,,,,,,,跛脚羊,,,先知,幸运儿,,,歌剧演员,,,大副,弓箭手,,,飞行家,,拉拉队员,,法罗女士,火灾调查员,喧嚣,移形,传送,客,,koting,拉拉队员,,,,,,,guoker,火灾调查员,,,,,,,huiyi,大副,,,,,,,persica,弓箭手,,,,,,,,,guoker,法罗女士,,气象学家,,
46,5,2025-11-01_1400_DOU5_vs_WBG_R5_G3,DOU5 vs WBG,WBG,DOU5,1,3,求生胜,2025,IVL秋季赛常规赛,2025-11-01,1400,DOU5,WBG,3,客,WBG,n1e,3,1,人,,永眠镇,里奥的回忆,大副,古董商,飞行家,守墓人,气象学家,魔术师,,,,跛脚羊,喧嚣,,先知,幸运儿,,,歌剧演员,时空之影,,逃脱大师,入殓师,,,小说家,,哭泣小丑,,病患,火灾调查员,杂货商,移形,传送,主,0,czai,哭泣小丑,2,0,1,0,23,出门,chen,火灾调查员,1.21,0,0,0,88,出门,楠,逃脱大师,0,0,0,0,52,淘汰,silverzhi,入殓师,2,0,0,0,14,出门,4,57,guoker,法罗女士,,教授,咒术师,
46,6,2025-11-01_1400_DOU5_vs_WBG_R6_G3,DOU5 vs WBG,DOU5,WBG,1,3,求生胜,2025,IVL秋季赛常规赛,2025-11-01,1400,DOU5,WBG,3,主,DOU5,mhxm,1,3,人,,永眠镇,里奥的回忆,大副,弓箭手,拉拉队员,守墓人,冒险家,魔术师,,,,喧嚣,跛脚羊,,先知,小说家,,,歌剧演员,杂货商,,佣兵,空军,,,飞行家,,机械师,,病患,法罗女士,使徒,移形,,主,0,koting,空军,1.89,0,1,0,17,出门,guoker,法罗女士,0,0,0,0,219,淘汰,huiyi,佣兵,1.38,0,1,0,23,出门,persica,机械师,2.11,0,0,0,0,出门,5,51,guoker,法罗女士,,火灾调查员,气象学家,
46,7,2025-11-01_1400_DOU5_vs_WBG_R7_G加,DOU5 vs WBG,DOU5,WBG,1,3,求生胜,2025,IVL秋季赛常规赛,2025-11-01,1400,DOU5,WBG,加,主,DOU5,yan,1,3,人,,,红教堂,佣兵,空军,机械师,大副,弓箭手,拉拉队员,守墓人,冒险家,魔术师,使徒,喧嚣,跛脚羊,幸运儿,小说家,,,时空之影,杂货商,,先知,古董商,,,飞行家,,骑士,,哭泣小丑,心理学家,歌剧演员,窥视者,,客,0,koting,心理学家,2.19,0,0,0,0,出门,guoker,古董商,1.8,1,1,1,70,淘汰,huiyi,骑士,0.81,0,1,0,70,出门,persica,先知,0.2,0,0,0,119,出门,4,57,guoker,法罗女士,,法罗女士,火灾调查员,气象学家
46,8,2025-11-01_1400_DOU5_vs_WBG_R8_G加,DOU5 vs WBG,WBG,DOU5,3,1,监管胜,2025,IVL秋季赛常规赛,2025-11-01,1400,DOU5,WBG,加,客,WBG,n1e,1,3,屠,,,红教堂,逃脱大师,入殓师,哭泣小丑,大副,古董商,飞行家,守墓人,气象学家,魔术师,杂货商,跛脚羊,喧嚣,先知,幸运儿,,,时空之影,歌剧演员,,病患,弓箭手,,,机械师,,邮差,,拉拉队员,骑士,26号守卫,移形,未携带,客,,czai,弓箭手,,,,,,,chen,病患,,,,,,,楠,骑士,,,,,,,silverzhi,邮差,,,,,,,,,guoker,法罗女士,,火灾调查员,教授,咒术师
47,1,2025-11-01_1600_GW_vs_GG_R1_G1,GW vs GG,GG,GW,2,2,平局,2025,IVL秋季赛常规赛,2025-11-01,1600,GW,GG,1,客,GG,qiu,2,2,平,湖景村,里奥的回忆,不归林,,,,,,,,,,,,,先知,大副,,,,,,木偶师,守墓人,,,幸运儿,,飞行家,,气象学家,魔术师,喧嚣,移形,未携带,主,0,lancelot,魔术师,0,1,0,0,116,淘汰,leil,飞行家,1.53,0,2,1,67,淘汰,lion,守墓人,1.28,0,1,1,58,出门,unicorn,木偶师,3,0,0,0,0,出门,5,33,18,杂技演员,,,,
47,2,2025-11-01_1600_GW_vs_GG_R2_G1,GW vs GG,GW,GG,3,1,监管胜,2025,IVL秋季赛常规赛,2025-11-01,1600,GW,GG,1,主,GW,littlie,3,1,屠,湖景村,里奥的回忆,不归林,,,,,,,,,,,,,先知,咒术师,,,,,,大副,幸运儿,,,木偶师,,气象学家,,魔术师,弓箭手,跛脚羊,窥视者,未使用,主,0,ppz,弓箭手,1.5,0,0,0,91,淘汰,18,幸运儿,0.09,1,0,0,86,淘汰,kucao,大副,1.59,0,1,0,34,淘汰,ppxia,气象学家,1.88,0,1,0,30,出门,5,46,18,杂技演员,,,,
47,3,2025-11-01_1600_GW_vs_GG_R3_G2,GW vs GG,GW,GG,0,5,求生胜,2025,IVL秋季赛常规赛,2025-11-01,1600,GW,GG,2,主,GW,ali,0,5,人,,唐人街,月亮河公园,大副,幸运儿,气象学家,,,,,,,跛脚羊,,,逃脱大师,火灾调查员,,,喧嚣,,,佣兵,古董商,,,哭泣小丑,,病患,,入殓师,空军,26号守卫,移形,传送,客,0,ppz,古董商,1.66,0,0,0,62,出门,18,病患,2.34,0,1,0,43,出门,kucao,佣兵,1,0,2,0,35,出门,ppxia,空军,0.34,0,1,0,79,出门,5,43,18,杂技演员,,弓箭手,,
47,4,2025-11-01_1600_GW_vs_GG_R4_G2,GW vs GG,GG,GW,2,2,平局,2025,IVL秋季赛常规赛,2025-11-01,1600,GW,GG,2,客,GG,xawm,2,2,平,,唐人街,月亮河公园,木偶师,守墓人,飞行家,,,,,,,喧嚣,,,先知,小说家,,,鹿头,,,咒术师,入殓师,,,大副,,哭泣小丑,,火灾调查员,记者,时空之影,闪现,未携带,客,0,lancelot,哭泣小丑,1.43,0,1,0,44,淘汰,leil,记者,1.23,0,0,0,149,淘汰,lion,入殓师,2.08,0,1,1,0,出门,unicorn,咒术师,0.75,0,0,0,160,出门,7,58,18,杂技演员,,魔术师,,
47,5,2025-11-01_1600_GW_vs_GG_R5_G3,GW vs GG,GW,GG,2,2,平局,2025,IVL秋季赛常规赛,2025-11-01,1600,GW,GG,3,主,GW,ali,2,2,平,,里奥的回忆,湖景村,佣兵,古董商,病患,大副,幸运儿,气象学家,,,,26号守卫,跛脚羊,,先知,前锋,,,歌剧演员,喧嚣,,火灾调查员,小说家,,,守墓人,,逃脱大师,,拉拉队员,杂技演员,蜘蛛,闪现,传送,主,0,ppz,小说家,2,1,1,0,75,出门,18,杂技演员,1.78,0,1,0,88,出门,kucao,逃脱大师,0,0,0,0,79,淘汰,ppxia,火灾调查员,2,0,0,0,40,淘汰,7,31,18,杂技演员,,空军,弓箭手,
47,6,2025-11-01_1600_GW_vs_GG_R6_G3,GW vs GG,GG,GW,2,2,平局,2025,IVL秋季赛常规赛,2025-11-01,1600,GW,GG,3,客,GG,xawm,2,2,平,,里奥的回忆,湖景村,咒术师,入殓师,哭泣小丑,木偶师,守墓人,飞行家,,,,时空之影,喧嚣,,先知,气象学家,,,跛脚羊,26号守卫,,古董商,火灾调查员,,,拉拉队员,,幸运儿,,佣兵,大副,杂货商,兴奋,未使用,主,0,lancelot,幸运儿,2.48,0,1,1,30,出门,leil,火灾调查员,2.27,0,1,0,38,出门,lion,大副,0.52,0,1,0,29,淘汰,unicorn,古董商,1.1,0,0,0,149,淘汰,7,7,18,杂技演员,,记者,魔术师,
48,1,2025-11-01_1800_TE_vs_FPX.ZQ_R1_G1,TE vs FPX.ZQ,FPX.ZQ,TE,3,1,监管胜,2025,IVL秋季赛常规赛,2025-11-01,1800,TE,FPX.ZQ,1,客,FPX.ZQ,dongx,1,3,屠,湖景村,月亮河公园,不归林,,,,,,,,,,,,,先知,幸运儿,,,,,,古董商,大副,,,教授,,魔术师,,气象学家,飞行家,跛脚羊,闪现,传送,主,0,drop,魔术师,2.22,0,1,0,24,淘汰,maom,古董商,2.19,0,1,0,73,出门,libao,大副,1.29,0,1,0,53,淘汰,lconfid,飞行家,0,0,0,0,90,淘汰,6,1,suda,时空之影,,,,
48,2,2025-11-01_1800_TE_vs_FPX.ZQ_R2_G1,TE vs FPX.ZQ,TE,FPX.ZQ,5,0,监管胜,2025,IVL秋季赛常规赛,2025-11-01,1800,TE,FPX.ZQ,1,主,TE,ppei,5,0,屠,湖景村,月亮河公园,不归林,,,,,,,,,,,,,先知,古董商,,,,,,咒术师,机械师,,,幸运儿,,魔术师,,守墓人,大副,跛脚羊,失常,传送,主,0,stian,机械师,1,0,0,0,66,淘汰,long,魔术师,2.22,0,3,3,71,淘汰,lin,咒术师,2.46,1,0,0,189,淘汰,yihua,大副,1.29,0,2,4,103,淘汰,10,46,suda,时空之影,,,,
48,3,2025-11-01_1800_TE_vs_FPX.ZQ_R3_G2,TE vs FPX.ZQ,FPX.ZQ,TE,2,2,平局,2025,IVL秋季赛常规赛,2025-11-01,1800,TE,FPX.ZQ,2,客,FPX.ZQ,dongx,2,2,平,,军工厂,永眠镇,古董商,大副,魔术师,,,,,,,跛脚羊,,,先知,幸运儿,,,喧嚣,,,空军,火灾调查员,,,气象学家,,野人,,心理学家,病患,鹿头,移形,闪现,客,0,drop,空军,1.96,0,1,0,55,淘汰,maom,火灾调查员,0,0,0,0,96,淘汰,libao,野人,1.41,0,0,0,53,出门,lconfid,病患,2.53,0,2,0,32,出门,6,58,suda,时空之影,,飞行家,,
48,4,2025-11-01_1800_TE_vs_FPX.ZQ_R4_G2,TE vs FPX.ZQ,TE,FPX.ZQ,1,3,求生胜,2025,IVL秋季赛常规赛,2025-11-01,1800,TE,FPX.ZQ,2,主,TE,ppei,1,3,人,,军工厂,永眠镇,咒术师,机械师,魔术师,,,,,,,跛脚羊,,,先知,古董商,,,喧嚣,,,飞行家,弓箭手,,,野人,,佣兵,,幸运儿,木偶师,歌剧演员,闪现,传送,客,0,stian,弓箭手,0,0,0,0,82,淘汰,long,飞行家,2,0,1,0,7,出门,lin,木偶师,2,0,0,0,37,出门,yihua,佣兵,1,0,1,0,30,出门,4,24,suda,时空之影,,大副,,
48,5,2025-11-01_1800_TE_vs_FPX.ZQ_R5_G3,TE vs FPX.ZQ,FPX.ZQ,TE,3,1,监管胜,2025,IVL秋季赛常规赛,2025-11-01,1800,TE,FPX.ZQ,3,客,FPX.ZQ,dongx,1,3,屠,,红教堂,圣心医院,空军,火灾调查员,野人,古董商,大副,魔术师,,,,鹿头,跛脚羊,,先知,幸运儿,,,记录员,梦之女巫,,心理学家,逃脱大师,,,拉拉队员,,法罗女士,,气象学家,囚徒,杂货商,闪现,移形,主,0,drop,法罗女士,2.5,0,0,0,0,出门,maom,囚徒,1.61,0,1,0,46,淘汰,libao,逃脱大师,0,0,0,0,66,淘汰,lconfid,心理学家,0.91,0,1,0,42,淘汰,5,4,suda,时空之影,,病患,飞行家,
48,6,2025-11-01_1800_TE_vs_FPX.ZQ_R6_G3,TE vs FPX.ZQ,TE,FPX.ZQ,3,1,监管胜,2025,IVL秋季赛常规赛,2025-11-01,1800,TE,FPX.ZQ,3,主,TE,suda,3,1,屠,,红教堂,圣心医院,飞行家,弓箭手,佣兵,咒术师,机械师,魔术师,,,,歌剧演员,跛脚羊,,先知,冒险家,,,喧嚣,记录员,,心理学家,火灾调查员,,,空军,,守墓人,,幸运儿,入殓师,时空之影,闪现,窥视者,主,0,stian,火灾调查员,1.54,0,0,0,108,淘汰,long,入殓师,2.91,0,1,0,28,淘汰,lin,心理学家,2.11,0,0,0,48,出门,yihua,守墓人,0,0,0,0,61,淘汰,8,7,suda,时空之影,,木偶师,大副,
49,1,2025-11-02_1400_MRC_vs_GR_R1_G1,MRC vs GR,GR,MRC,2,2,平局,2025,IVL秋季赛常规赛,2025-11-02,1400,MRC,GR,1,客,GR,jin,2,2,平,里奥的回忆,永眠镇,不归林,,,,,,,,,,,,,木偶师,冒险家,,,,,,机械师,咒术师,,,大副,,逃脱大师,,幸运儿,教授,跛脚羊,窥视者,传送,主,0,xiaox,逃脱大师,1.19,0,1,0,74,出门,huac,教授,2.1,0,2,1,29,出门,nanako,咒术师,0.13,0,0,0,57,淘汰,xiaod,机械师,2.16,0,2,1,65,淘汰,7,28,bailu,跛脚羊,,,,
49,2,2025-11-02_1400_MRC_vs_GR_R2_G1,MRC vs GR,MRC,GR,5,0,监管胜,2025,IVL秋季赛常规赛,2025-11-02,1400,MRC,GR,1,主,MRC,bailu,5,0,屠,里奥的回忆,永眠镇,不归林,,,,,,,,,,,,,先知,幸运儿,,,,,,机械师,咒术师,,,逃脱大师,,大副,,教授,气象学家,跛脚羊,窥视者,传送,主,0,ac,气象学家,1.64,0,1,1,90,淘汰,heart,大副,2.42,0,1,0,55,淘汰,red,咒术师,1.23,0,2,0,98,淘汰,ak,机械师,0,0,0,1,75,淘汰,7,34,bailu,跛脚羊,,,,
49,3,2025-11-02_1400_MRC_vs_GR_R3_G2,MRC vs GR,GR,MRC,2,2,平局,2025,IVL秋季赛常规赛,2025-11-02,1400,MRC,GR,2,客,GR,jin,2,2,平,,湖景村,月亮河公园,机械师,咒术师,逃脱大师,,,,,,,跛脚羊,,,佣兵,大副,,,喧嚣,,,气象学家,野人,,,幸运儿,,病患,,古董商,骑士,歌剧演员,失常,传送,客,0,xiaox,野人,1.63,0,4,0,65,出门,huac,病患,0,0,0,0,89,淘汰,nanako,骑士,2.23,1,1,0,87,淘汰,xiaod,气象学家,2.31,0,0,2,75,出门,7,36,bailu,跛脚羊,,教授,,
49,4,2025-11-02_1400_MRC_vs_GR_R4_G2,MRC vs GR,MRC,GR,3,1,监管胜,2025,IVL秋季赛常规赛,2025-11-02,1400,MRC,GR,2,主,MRC,bailu,3,1,屠,,湖景村,月亮河公园,机械师,咒术师,大副,,,,,,,跛脚羊,,,先知,古董商,,,喧嚣,,,病患,野人,,,弓箭手,,火灾调查员,,小说家,小女孩,歌剧演员,闪现,传送,客,0,ac,火灾调查员,0,0,0,0,53,淘汰,heart,野人,1.13,0,1,1,91,淘汰,red,病患,3.01,0,0,0,25,淘汰,ak,小女孩,2.05,0,1,1,55,出门,6,28,bailu,跛脚羊,,气象学家,,
50,1,2025-11-02_1600_DOU5_vs_Wolves_R1_G1,DOU5 vs Wolves,Wolves,DOU5,5,0,监管胜,2025,IVL秋季赛常规赛,2025-11-02,1600,DOU5,Wolves,1,客,Wolves,choai,0,5,屠,唐人街,不归林,湖景村,,,,,,,,,,,,,先知,古董商,,,,,,魔术师,木偶师,,,守墓人,,大副,,教授,气象学家,跛脚羊,窥视者,传送,主,1,czai,木偶师,1.68,0,1,0,46,淘汰,chen,魔术师,1.79,0,0,0,18,淘汰,楠,大副,2.21,1,1,0,63,淘汰,silverzhi,气象学家,0,0,0,0,62,淘汰,5,45,choai,跛脚羊,,,,
50,2,2025-11-02_1600_DOU5_vs_Wolves_R2_G1,DOU5 vs Wolves,DOU5,Wolves,2,2,平局,2025,IVL秋季赛常规赛,2025-11-02,1600,DOU5,Wolves,1,主,DOU5,yan,2,2,平,唐人街,不归林,湖景村,,,,,,,,,,,,,先知,古董商,,,,,,大副,教授,,,咒术师,,入殓师,,木偶师,气象学家,跛脚羊,失常,传送,主,0,tian,教授,0.42,0,0,0,107,淘汰,jelly,入殓师,1.81,0,2,1,41,出门,487,气象学家,2.58,0,1,0,35,淘汰,xmx,大副,1.17,0,1,0,41,出门,5,46,choai,跛脚羊,,,,
50,3,2025-11-02_1600_DOU5_vs_Wolves_R3_G2,DOU5 vs Wolves,Wolves,DOU5,1,3,求生胜,2025,IVL秋季赛常规赛,2025-11-02,1600,DOU5,Wolves,2,客,Wolves,yeyv,3,1,人,,红教堂,永眠镇,魔术师,木偶师,大副,,,,,,,跛脚羊,,,飞行家,火灾调查员,,,杂货商,,,幸运儿,逃脱大师,,,空军,,病患,,入殓师,杂技演员,时空之影,闪现,未携带,客,0,czai,杂技演员,2.14,0,1,0,17,出门,chen,病患,0.04,0,0,0,80,淘汰,楠,逃脱大师,0.88,0,1,0,36,出门,silverzhi,幸运儿,1.98,0,0,0,0,出门,4,52,choai,跛脚羊,,气象学家,,
50,4,2025-11-02_1600_DOU5_vs_Wolves_R4_G2,DOU5 vs Wolves,DOU5,Wolves,1,3,求生胜,2025,IVL秋季赛常规赛,2025-11-02,1600,DOU5,Wolves,2,主,DOU5,yan,1,3,人,,红教堂,永眠镇,大副,教授,入殓师,,,,,,,跛脚羊,,,拉拉队员,空军,,,时空之影,,,火灾调查员,飞行家,,,小说家,,弓箭手,,守墓人,佣兵,杂货商,移形,闪现,客,0,tian,弓箭手,2,0,0,0,31,出门,jelly,飞行家,1.48,0,0,0,59,出门,487,火灾调查员,0.51,0,0,0,76,淘汰,xmx,佣兵,1.01,0,2,0,69,出门,5,17,choai,跛脚羊,,气象学家,,
50,5,2025-11-02_1600_DOU5_vs_Wolves_R5_G3,DOU5 vs Wolves,Wolves,DOU5,2,2,平局,2025,IVL秋季赛常规赛,2025-11-02,1600,DOU5,Wolves,3,客,Wolves,choai,2,2,平,,里奥的回忆,月亮河公园,幸运儿,逃脱大师,病患,魔术师,木偶师,大副,,,,时空之影,跛脚羊,,先知,飞行家,,,歌剧演员,喧嚣,,火灾调查员,小说家,,,守墓人,,佣兵,,空军,囚徒,隐士,移形,未携带,主,0,czai,小说家,2.24,0,0,0,0,出门,chen,火灾调查员,0,0,0,0,105,淘汰,楠,佣兵,1,0,2,0,68,淘汰,silverzhi,囚徒,2.27,0,0,0,0,出门,5,36,choai,跛脚羊,,杂技演员,气象学家,
50,6,2025-11-02_1600_DOU5_vs_Wolves_R6_G3,DOU5 vs Wolves,DOU5,Wolves,2,2,平局,2025,IVL秋季赛常规赛,2025-11-02,1600,DOU5,Wolves,3,主,DOU5,yan,2,2,平,,里奥的回忆,月亮河公园,火灾调查员,飞行家,弓箭手,大副,教授,入殓师,,,,杂货商,跛脚羊,,先知,古董商,,,时空之影,歌剧演员,,小说家,守墓人,,,心理学家,,杂技演员,,幸运儿,空军,喧嚣,移形,传送,主,0,tian,杂技演员,1.3,0,1,0,20,出门,jelly,小说家,2,0,0,0,44,淘汰,487,空军,1.7,0,1,0,19,出门,xmx,守墓人,0,0,0,0,129,淘汰,5,4,choai,跛脚羊,,佣兵,气象学家,
51,1,2025-11-02_1800_ACT_vs_TE_R1_G1,ACT vs TE,ACT,TE,1,3,求生胜,2025,IVL秋季赛常规赛,2025-11-02,1800,ACT,TE,1,主,ACT,zz9,1,3,人,军工厂,圣心医院,永眠镇,,,,,,,,,,,,,先知,大副,,,,,,守墓人,幸运儿,,,教授,,咒术师,,飞行家,魔术师,时空之影,闪现,未携带,主,0,drop,幸运儿,0,0,0,0,143,出门,maom,咒术师,1.35,0,0,0,47,出门,libao,守墓人,1.4,0,3,1,29,淘汰,lconfid,魔术师,3,0,1,0,26,出门,6,55,drop,幸运儿,,,,
51,2,2025-11-02_1800_ACT_vs_TE_R2_G1,ACT vs TE,TE,ACT,2,2,平局,2025,IVL秋季赛常规赛,2025-11-02,1800,ACT,TE,1,客,TE,ppei,2,2,平,军工厂,圣心医院,永眠镇,,,,,,,,,,,,,先知,古董商,,,,,,大副,咒术师,,,幸运儿,,木偶师,,机械师,魔术师,蜡像师,移形,闪现,主,0,eleven,大副,0,0,0,0,87,淘汰,gougou,咒术师,1.44,0,0,0,22,出门,xy,木偶师,1.56,0,1,0,22,出门,xmiao5,魔术师,2,0,1,0,43,淘汰,4,40,drop,幸运儿,,,,
51,3,2025-11-02_1800_ACT_vs_TE_R3_G2,ACT vs TE,TE,ACT,3,1,监管胜,2025,IVL秋季赛常规赛,2025-11-02,1800,ACT,TE,2,客,TE,ppei,1,3,屠,,里奥的回忆,月亮河公园,大副,咒术师,木偶师,,,,,,,蜡像师,,,先知,古董商,,,跛脚羊,,,空军,佣兵,,,气象学家,,病患,,入殓师,火灾调查员,歌剧演员,闪现,传送,客,0,eleven,佣兵,1.3,0,1,0,74,淘汰,gougou,火灾调查员,2.65,0,1,1,72,出门,xy,空军,0,0,0,0,106,淘汰,xmiao5,病患,1.99,0,1,0,61,淘汰,6,58,drop,幸运儿,,魔术师,,
51,4,2025-11-02_1800_ACT_vs_TE_R4_G2,ACT vs TE,ACT,TE,2,2,平局,2025,IVL秋季赛常规赛,2025-11-02,1800,ACT,TE,2,主,ACT,zz9,2,2,平,,里奥的回忆,月亮河公园,守墓人,幸运儿,咒术师,,,,,,,时空之影,,,先知,古董商,,,跛脚羊,,,气象学家,火灾调查员,,,佣兵,,大副,,调酒师,飞行家,歌剧演员,失常,传送,客,0,drop,气象学家,2.34,0,1,0,44,出门,maom,火灾调查员,0,0,0,0,102,淘汰,libao,大副,2.08,0,1,1,46,出门,lconfid,飞行家,2.92,0,0,0,49,淘汰,6,35,drop,幸运儿,,魔术师,,
52,1,2025-11-07_1400_TE_vs_DOU5_R1_G1,TE vs DOU5,DOU5,TE,1,3,求生胜,2025,IVL秋季赛常规赛,2025-11-07,1400,TE,DOU5,1,客,DOU5,mhxm,3,1,人,唐人街,不归林,永眠镇,,,,,,,,,,,,,先知,古董商,,,,,,咒术师,大副,,,幸运儿,,机械师,,木偶师,飞行家,跛脚羊,失常,传送,主,0,drop,机械师,1,1,0,0,130,淘汰,maom,咒术师,0.89,0,1,0,80,出门,libao,大副,2.14,0,1,0,29,出门,lconfid,飞行家,2.53,0,1,0,0,出门,4,59,drop,昆虫学者,,,,
52,2,2025-11-07_1400_TE_vs_DOU5_R2_G1,TE vs DOU5,TE,DOU5,2,2,平局,2025,IVL秋季赛常规赛,2025-11-07,1400,TE,DOU5,1,主,TE,ppei,2,2,平,唐人街,不归林,永眠镇,,,,,,,,,,,,,先知,古董商,,,,,,大副,木偶师,,,咒术师,,魔术师,,气象学家,幸运儿,跛脚羊,窥视者,移形,主,0,czai,幸运儿,0,1,0,0,83,淘汰,chen,魔术师,2,0,0,0,64,淘汰,楠,大副,1.49,0,1,0,16,出门,silverzhi,木偶师,1.52,0,1,0,39,出门,5,16,drop,昆虫学者,,,,
52,3,2025-11-07_1400_TE_vs_DOU5_R3_G2,TE vs DOU5,TE,DOU5,2,2,平局,2025,IVL秋季赛常规赛,2025-11-07,1400,TE,DOU5,2,主,TE,ppei,2,2,平,,唐人街,月亮河公园,大副,木偶师,魔术师,,,,,,,跛脚羊,,,先知,逃脱大师,,,歌剧演员,,,飞行家,佣兵,,,入殓师,,古董商,,火灾调查员,病患,喧嚣,移形,未携带,客,0,czai,古董商,0,0,0,0,119,淘汰,chen,病患,2,0,0,0,0,出门,楠,佣兵,1,0,1,0,25,出门,silverzhi,飞行家,2,0,1,0,45,淘汰,4,32,drop,昆虫学者,,幸运儿,,
52,4,2025-11-07_1400_TE_vs_DOU5_R4_G2,TE vs DOU5,DOU5,TE,2,2,平局,2025,IVL秋季赛常规赛,2025-11-07,1400,TE,DOU5,2,客,DOU5,mhxm,2,2,平,,唐人街,月亮河公园,咒术师,大副,机械师,,,,,,,跛脚羊,,,先知,气象学家,,,喧嚣,,,火灾调查员,病患,,,小说家,,佣兵,,幸运儿,入殓师,杂货商,移形,未使用,客,0,drop,入殓师,2.08,0,0,0,0,出门,maom,火灾调查员,0,0,0,0,104,淘汰,libao,佣兵,1.28,0,1,0,26,出门,lconfid,病患,1.86,0,1,0,32,淘汰,4,22,drop,昆虫学者,,飞行家,,
52,5,2025-11-07_1400_TE_vs_DOU5_R5_G3,TE vs DOU5,TE,DOU5,1,3,求生胜,2025,IVL秋季赛常规赛,2025-11-07,1400,TE,DOU5,3,主,TE,suda,1,3,人,,圣心医院,唐人街,飞行家,佣兵,古董商,大副,木偶师,魔术师,,,,喧嚣,跛脚羊,,先知,前锋,,,歌剧演员,蜘蛛,,守墓人,邮差,,,入殓师,,火灾调查员,,空军,作曲家,时空之影,闪现,未携带,主,0,czai,邮差,2.41,0,3,0,87,出门,chen,火灾调查员,1.45,0,1,0,82,出门,楠,守墓人,0,0,0,0,54,淘汰,silverzhi,作曲家,2,0,0,0,98,出门,9,16,drop,昆虫学者,,病患,幸运儿,
52,6,2025-11-07_1400_TE_vs_DOU5_R6_G3,TE vs DOU5,DOU5,TE,1,3,求生胜,2025,IVL秋季赛常规赛,2025-11-07,1400,TE,DOU5,3,客,DOU5,mhxm,3,1,人,,圣心医院,唐人街,火灾调查员,病患,佣兵,咒术师,大副,机械师,,,,杂货商,跛脚羊,,先知,祭司,,,歌剧演员,喧嚣,,拉拉队员,哭泣小丑,,,小说家,,昆虫学者,,幸运儿,气象学家,鹿头,移形,未使用,主,0,drop,昆虫学者,0.19,1,1,0,137,淘汰,maom,拉拉队员,0.81,0,1,0,107,出门,libao,哭泣小丑,1.78,1,2,0,40,出门,lconfid,气象学家,2.53,0,0,2,0,出门,5,58,drop,昆虫学者,,入殓师,飞行家,
53,1,2025-11-07_1600_GW_vs_FPX.ZQ_R1_G1,GW vs FPX.ZQ,FPX.ZQ,GW,3,1,监管胜,2025,IVL秋季赛常规赛,2025-11-07,1600,GW,FPX.ZQ,1,客,FPX.ZQ,dongx,1,3,屠,湖景村,月亮河公园,不归林,,,,,,,,,,,,,先知,咒术师,,,,,,木偶师,大副,,,飞行家,,气象学家,,教授,魔术师,跛脚羊,闪现,传送,主,0,lancelot,魔术师,2.04,0,1,0,37,淘汰,leil,气象学家,0.04,0,0,0,62,淘汰,lion,大副,1.43,0,2,0,78,淘汰,unicorn,木偶师,1.5,0,1,0,47,出门,6,28,dongx,杂货商,,,,
53,2,2025-11-07_1600_GW_vs_FPX.ZQ_R2_G1,GW vs FPX.ZQ,GW,FPX.ZQ,2,2,平局,2025,IVL秋季赛常规赛,2025-11-07,1600,GW,FPX.ZQ,1,主,GW,ali,2,2,平,湖景村,月亮河公园,不归林,,,,,,,,,,,,,先知,大副,,,,,,守墓人,幸运儿,,,机械师,,魔术师,,咒术师,木偶师,喧嚣,移形,未携带,主,0,stian,木偶师,2.55,0,1,0,39,淘汰,long,魔术师,1.44,0,1,0,45,出门,lin,幸运儿,1.01,0,1,0,27,出门,yihua,守墓人,0,0,0,0,103,淘汰,5,59,dongx,杂货商,,,,
53,3,2025-11-07_1600_GW_vs_FPX.ZQ_R3_G2,GW vs FPX.ZQ,GW,FPX.ZQ,1,3,求生胜,2025,IVL秋季赛常规赛,2025-11-07,1600,GW,FPX.ZQ,2,主,GW,ali,1,3,人,,唐人街,永眠镇,守墓人,幸运儿,魔术师,,,,,,,喧嚣,,,逃脱大师,火灾调查员,,,跛脚羊,,,大副,飞行家,,,气象学家,,弓箭手,,教授,小说家,26号守卫,移形,未携带,客,0,stian,弓箭手,2.48,0,0,0,34,出门,long,飞行家,2.06,0,0,2,20,出门,lin,小说家,0,0,0,0,96,淘汰,yihua,大副,1.03,0,1,0,77,出门,5,25,dongx,杂货商,,木偶师,,
53,4,2025-11-07_1600_GW_vs_FPX.ZQ_R4_G2,GW vs FPX.ZQ,FPX.ZQ,GW,3,1,监管胜,2025,IVL秋季赛常规赛,2025-11-07,1600,GW,FPX.ZQ,2,客,FPX.ZQ,dongx,1,3,屠,,唐人街,永眠镇,木偶师,大副,气象学家,,,,,,,跛脚羊,,,先知,幸运儿,,,时空之影,,,飞行家,火灾调查员,,,空军,,拉拉队员,,守墓人,佣兵,杂货商,移形,未使用,客,0,lancelot,飞行家,0,0,0,0,97,淘汰,leil,拉拉队员,2.19,0,1,0,97,淘汰,lion,佣兵,1.95,0,1,0,59,出门,unicorn,火灾调查员,1.75,0,2,1,42,淘汰,7,1,dongx,杂货商,,魔术师,,
54,1,2025-11-07_1800_GG_vs_WBG_R1_G1,GG vs WBG,WBG,GG,3,1,监管胜,2025,IVL秋季赛常规赛,2025-11-07,1800,GG,WBG,1,客,WBG,n1e,1,3,屠,月亮河公园,唐人街,永眠镇,,,,,,,,,,,,,先知,咒术师,,,,,,大副,古董商,,,幸运儿,,机械师,,木偶师,气象学家,跛脚羊,失常,未使用,主,0,ppz,古董商,2.66,0,1,0,25,出门,18,机械师,0.64,0,0,0,59,淘汰,kucao,大副,1.6,0,1,0,71,淘汰,ppxia,气象学家,1.34,0,1,0,38,淘汰,6,38,n1e,喧嚣,,,,
54,2,2025-11-07_1800_GG_vs_WBG_R2_G1,GG vs WBG,GG,WBG,2,2,平局,2025,IVL秋季赛常规赛,2025-11-07,1800,GG,WBG,1,主,GG,xawm,2,2,平,月亮河公园,唐人街,永眠镇,,,,,,,,,,,,,古董商,守墓人,,,,,,先知,大副,,,机械师,,飞行家,,气象学家,魔术师,26号守卫,移形,传送,主,0,koting,魔术师,0,0,0,0,77,淘汰,guoker,飞行家,1.76,0,1,0,11,出门,huiyi,大副,1.58,0,1,0,15,出门,persica,先知,1.71,0,0,0,56,淘汰,5,19,n1e,喧嚣,,,,
54,3,2025-11-07_1800_GG_vs_WBG_R3_G2,GG vs WBG,GG,WBG,2,2,平局,2025,IVL秋季赛常规赛,2025-11-07,1800,GG,WBG,2,主,GG,xawm,2,2,平,,里奥的回忆,红教堂,先知,大副,飞行家,,,,,,,26号守卫,,,古董商,气象学家,,,跛脚羊,,,佣兵,幸运儿,,,火灾调查员,,杂技演员,,空军,病患,歌剧演员,闪现,传送,客,0,koting,病患,2.69,1,0,0,75,淘汰,guoker,杂技演员,1.74,0,2,2,59,出门,huiyi,佣兵,1.36,1,1,1,82,出门,persica,幸运儿,0,1,0,0,100,淘汰,8,4,n1e,喧嚣,,魔术师,,
54,4,2025-11-07_1800_GG_vs_WBG_R4_G2,GG vs WBG,WBG,GG,5,0,监管胜,2025,IVL秋季赛常规赛,2025-11-07,1800,GG,WBG,2,客,WBG,n1e,0,5,屠,,里奥的回忆,红教堂,大副,古董商,机械师,,,,,,,跛脚羊,,,先知,空军,,,歌剧演员,,,幸运儿,逃脱大师,,,入殓师,,火灾调查员,,飞行家,咒术师,喧嚣,移形,未携带,客,1,ppz,咒术师,2,0,1,0,41,淘汰,18,幸运儿,0.99,0,1,0,39,淘汰,kucao,逃脱大师,1.87,0,2,0,37,淘汰,ppxia,火灾调查员,0,1,0,0,56,淘汰,6,18,n1e,喧嚣,,气象学家,,
55,1,2025-11-08_1400_ACT_vs_MRC_R1_G1,ACT vs MRC,MRC,ACT,2,2,平局,2025,IVL秋季赛常规赛,2025-11-08,1400,ACT,MRC,1,客,MRC,bailu,2,2,平,月亮河公园,唐人街,永眠镇,,,,,,,,,,,,,先知,古董商,,,,,,大副,咒术师,,,木偶师,,幸运儿,,魔术师,气象学家,跛脚羊,窥视者,传送,主,0,eleven,大副,1.6,0,1,0,57,出门,gougou,咒术师,1.7,0,2,0,44,淘汰,xy,幸运儿,0,1,0,0,59,淘汰,xmiao5,气象学家,1.7,0,1,0,22,出门,4,59,huac,杂技演员,,,,
55,2,2025-11-08_1400_ACT_vs_MRC_R2_G1,ACT vs MRC,ACT,MRC,3,1,监管胜,2025,IVL秋季赛常规赛,2025-11-08,1400,ACT,MRC,1,主,ACT,zz9,3,1,屠,月亮河公园,唐人街,永眠镇,,,,,,,,,,,,,先知,机械师,,,,,,咒术师,幸运儿,,,魔术师,,木偶师,,大副,守墓人,喧嚣,移形,未携带,主,0,xiaox,守墓人,1.46,0,1,0,46,淘汰,huac,木偶师,2.21,0,1,0,71,淘汰,nanako,幸运儿,2,0,1,0,29,出门,xiaod,咒术师,0,1,0,0,81,淘汰,6,7,huac,杂技演员,,,,
55,3,2025-11-08_1400_ACT_vs_MRC_R3_G2,ACT vs MRC,ACT,MRC,2,2,平局,2025,IVL秋季赛常规赛,2025-11-08,1400,ACT,MRC,2,主,ACT,zz9,2,2,平,,里奥的回忆,月亮河公园,咒术师,幸运儿,木偶师,,,,,,,喧嚣,,,野人,古董商,,,跛脚羊,,,气象学家,空军,,,先知,,佣兵,,病患,飞行家,歌剧演员,闪现,传送,客,0,xiaox,佣兵,2.24,0,1,0,41,出门,huac,飞行家,2.59,0,2,0,74,淘汰,nanako,气象学家,1.2,0,1,1,95,出门,xiaod,空军,0,0,0,0,76,淘汰,8,1,huac,杂技演员,,守墓人,,
55,4,2025-11-08_1400_ACT_vs_MRC_R4_G2,ACT vs MRC,MRC,ACT,2,2,平局,2025,IVL秋季赛常规赛,2025-11-08,1400,ACT,MRC,2,客,MRC,bailu,2,2,平,,里奥的回忆,月亮河公园,大副,咒术师,幸运儿,,,,,,,跛脚羊,,,先知,逃脱大师,,,喧嚣,,,古董商,火灾调查员,,,野人,,佣兵,,病患,园丁,歌剧演员,闪现,传送,客,0,eleven,佣兵,0.96,0,1,0,49,出门,gougou,火灾调查员,2.45,0,0,0,47,淘汰,xy,古董商,1.59,0,1,0,61,出门,xmiao5,园丁,0,0,0,0,58,淘汰,6,52,huac,杂技演员,,气象学家,,
55,5,2025-11-08_1400_ACT_vs_MRC_R5_G3,ACT vs MRC,MRC,ACT,3,1,监管胜,2025,IVL秋季赛常规赛,2025-11-08,1400,ACT,MRC,3,客,MRC,bailu,1,3,屠,,里奥的回忆,湖景村,古董商,火灾调查员,佣兵,大副,咒术师,幸运儿,,,,歌剧演员,跛脚羊,,先知,逃脱大师,,,喧嚣,时空之影,,守墓人,小说家,,,飞行家,,入殓师,,空军,记者,杂货商,移形,传送,主,0,eleven,守墓人,1.67,0,2,1,72,淘汰,gougou,记者,1.63,0,2,2,132,淘汰,xy,入殓师,1.7,0,3,2,76,出门,xmiao5,小说家,0,1,0,0,56,淘汰,10,30,huac,杂技演员,,园丁,气象学家,
55,6,2025-11-08_1400_ACT_vs_MRC_R6_G3,ACT vs MRC,ACT,MRC,1,3,求生胜,2025,IVL秋季赛常规赛,2025-11-08,1400,ACT,MRC,3,主,ACT,9u,1,3,人,,里奥的回忆,湖景村,气象学家,空军,佣兵,咒术师,幸运儿,木偶师,,,,歌剧演员,喧嚣,,先知,逃脱大师,,,跛脚羊,破轮,,冒险家,火灾调查员,,,大副,,野人,,病患,杂技演员,26号守卫,移形,未携带,主,0,xiaox,野人,1.36,0,1,0,23,出门,huac,杂技演员,0,0,0,0,157,淘汰,nanako,火灾调查员,2,0,0,0,0,出门,xiaod,冒险家,1.74,0,1,0,18,出门,5,5,huac,杂技演员,,飞行家,守墓人,
56,1,2025-11-08_1600_WBG_vs_Wolves_R1_G1,WBG vs Wolves,Wolves,WBG,5,0,监管胜,2025,IVL秋季赛常规赛,2025-11-08,1600,WBG,Wolves,1,客,Wolves,choai,0,5,屠,月亮河公园,永眠镇,不归林,,,,,,,,,,,,,先知,古董商,,,,,,木偶师,大副,,,魔术师,,飞行家,,弓箭手,咒术师,跛脚羊,窥视者,传送,主,1,koting,飞行家,0.06,0,0,0,58,淘汰,guoker,木偶师,1.04,0,1,0,36,淘汰,huiyi,大副,1.95,0,1,0,64,淘汰,persica,咒术师,2,0,0,0,26,淘汰,5,21,xmx,大副,,,,
56,2,2025-11-08_1600_WBG_vs_Wolves_R2_G1,WBG vs Wolves,WBG,Wolves,2,2,平局,2025,IVL秋季赛常规赛,2025-11-08,1600,WBG,Wolves,1,主,WBG,n1e,2,2,平,月亮河公园,永眠镇,不归林,,,,,,,,,,,,,机械师,咒术师,,,,,,幸运儿,骑士,,,木偶师,,守墓人,,飞行家,弓箭手,跛脚羊,失常,传送,主,0,tian,弓箭手,3.17,0,0,0,65,出门,jelly,骑士,1.57,0,1,0,101,淘汰,487,幸运儿,0,0,0,0,110,淘汰,xmx,守墓人,2.13,0,3,1,64,出门,8,38,xmx,大副,,,,
56,3,2025-11-08_1600_WBG_vs_Wolves_R3_G2,WBG vs Wolves,WBG,Wolves,2,2,平局,2025,IVL秋季赛常规赛,2025-11-08,1600,WBG,Wolves,2,主,WBG,n1e,2,2,平,,永眠镇,军工厂,幸运儿,骑士,守墓人,,,,,,,跛脚羊,,,空军,入殓师,,,时空之影,,,大副,冒险家,,,古董商,,火灾调查员,,气象学家,小说家,喧嚣,移形,未携带,客,0,tian,火灾调查员,2,0,0,0,35,出门,jelly,冒险家,2.21,0,0,0,0,出门,487,小说家,0.29,2,0,0,6,淘汰,xmx,大副,0.69,0,2,0,103,淘汰,4,44,xmx,大副,,弓箭手,,
56,4,2025-11-08_1600_WBG_vs_Wolves_R4_G2,WBG vs Wolves,Wolves,WBG,1,3,求生胜,2025,IVL秋季赛常规赛,2025-11-08,1600,WBG,Wolves,2,客,Wolves,yeyv,3,1,人,,永眠镇,军工厂,木偶师,大副,飞行家,,,,,,,跛脚羊,,,空军,幸运儿,,,时空之影,,,佣兵,冒险家,,,小说家,,弓箭手,,火灾调查员,法罗女士,喧嚣,窥视者,未携带,客,0,koting,冒险家,1.97,0,1,0,15,出门,guoker,法罗女士,0,0,0,0,141,淘汰,huiyi,佣兵,1.79,0,1,0,11,出门,persica,弓箭手,2,0,0,0,0,出门,3,54,xmx,大副,,咒术师,,
56,5,2025-11-08_1600_WBG_vs_Wolves_R5_G3,WBG vs Wolves,Wolves,WBG,2,2,平局,2025,IVL秋季赛常规赛,2025-11-08,1600,WBG,Wolves,3,客,Wolves,choai,2,2,平,,永眠镇,月亮河公园,佣兵,冒险家,弓箭手,木偶师,大副,飞行家,,,,喧嚣,跛脚羊,,机械师,先知,,,歌剧演员,时空之影,,记者,幸运儿,,,火灾调查员,,守墓人,,杂技演员,气象学家,杂货商,移形,未使用,主,0,koting,记者,1.32,0,1,0,91,淘汰,guoker,幸运儿,2.42,0,0,0,0,出门,huiyi,守墓人,0,0,0,0,64,淘汰,persica,气象学家,1.97,0,1,0,14,出门,4,39,xmx,大副,,法罗女士,咒术师,
56,6,2025-11-08_1600_WBG_vs_Wolves_R6_G3,WBG vs Wolves,WBG,Wolves,1,3,求生胜,2025,IVL秋季赛常规赛,2025-11-08,1600,WBG,Wolves,3,主,WBG,n1e,1,3,人,,永眠镇,月亮河公园,大副,冒险家,火灾调查员,幸运儿,骑士,守墓人,,,,喧嚣,跛脚羊,,先知,前锋,,,歌剧演员,时空之影,,佣兵,飞行家,,,古董商,,气象学家,,拉拉队员,杂技演员,噩梦,移形,未使用,主,0,tian,杂技演员,2.02,0,0,0,0,出门,jelly,飞行家,1.76,0,1,0,24,出门,487,气象学家,1.54,0,1,0,68,出门,xmx,佣兵,0,0,0,0,93,淘汰,4,42,xmx,大副,,小说家,弓箭手,
57,1,2025-11-08_1800_FPX.ZQ_vs_GG_R1_G1,FPX.ZQ vs GG,GG,FPX.ZQ,2,2,平局,2025,IVL秋季赛常规赛,2025-11-08,1800,FPX.ZQ,GG,1,客,GG,xawm,2,2,平,里奥的回忆,不归林,永眠镇,,,,,,,,,,,,,先知,古董商,,,,,,幸运儿,机械师,,,守墓人,,大副,,弓箭手,魔术师,破轮,闪现,窥视者,主,0,stian,机械师,0.46,0,0,0,107,淘汰,long,魔术师,1.4,0,2,0,85,淘汰,lin,幸运儿,1.43,0,0,0,61,出门,yihua,大副,2,0,1,0,23,出门,5,25,xawm,跛脚羊,,,,
57,2,2025-11-08_1800_FPX.ZQ_vs_GG_R2_G1,FPX.ZQ vs GG,FPX.ZQ,GG,2,2,平局,2025,IVL秋季赛常规赛,2025-11-08,1800,FPX.ZQ,GG,1,主,FPX.ZQ,dongx,2,2,平,里奥的回忆,不归林,永眠镇,,,,,,,,,,,,,先知,咒术师,,,,,,幸运儿,气象学家,,,大副,,守墓人,,弓箭手,古董商,跛脚羊,闪现,兴奋,主,0,ppz,古董商,1.36,0,2,0,123,出门,18,幸运儿,0,0,0,0,84,淘汰,kucao,守墓人,2.37,0,1,0,19,出门,ppxia,气象学家,1.78,0,1,0,49,淘汰,5,53,xawm,跛脚羊,,,,
57,3,2025-11-08_1800_FPX.ZQ_vs_GG_R3_G2,FPX.ZQ vs GG,FPX.ZQ,GG,2,2,平局,2025,IVL秋季赛常规赛,2025-11-08,1800,FPX.ZQ,GG,2,主,FPX.ZQ,dongx,2,2,平,,月亮河公园,唐人街,幸运儿,气象学家,守墓人,,,,,,,跛脚羊,,,先知,火灾调查员,,,歌剧演员,,,前锋,心理学家,,,飞行家,,杂技演员,,病患,入殓师,杂货商,移形,未使用,客,0,ppz,心理学家,0.01,0,0,0,79,淘汰,18,杂技演员,1.85,0,1,0,73,出门,kucao,前锋,1.14,0,1,0,34,淘汰,ppxia,入殓师,2,0,0,0,3,出门,5,26,xawm,跛脚羊,,古董商,,
57,4,2025-11-08_1800_FPX.ZQ_vs_GG_R4_G2,FPX.ZQ vs GG,GG,FPX.ZQ,5,0,监管胜,2025,IVL秋季赛常规赛,2025-11-08,1800,FPX.ZQ,GG,2,客,GG,xawm,0,5,屠,,月亮河公园,唐人街,幸运儿,机械师,大副,,,,,,,破轮,,,先知,古董商,,,歌剧演员,,,弓箭手,咒术师,,,守墓人,,逃脱大师,,气象学家,火灾调查员,跛脚羊,窥视者,未使用,客,1,stian,弓箭手,1.55,0,1,0,54,淘汰,long,火灾调查员,2.35,0,0,0,13,淘汰,lin,咒术师,1.28,1,1,1,118,淘汰,yihua,逃脱大师,0,0,0,0,102,淘汰,5,33,xawm,跛脚羊,,魔术师,,
57,5,2025-11-08_1800_FPX.ZQ_vs_GG_R5_G3,FPX.ZQ vs GG,GG,FPX.ZQ,2,2,平局,2025,IVL秋季赛常规赛,2025-11-08,1800,FPX.ZQ,GG,3,客,GG,xawm,2,2,平,,湖景村,红教堂,弓箭手,咒术师,逃脱大师,幸运儿,机械师,大副,,,,跛脚羊,破轮,,先知,勘探员,,,歌剧演员,26号守卫,,拉拉队员,气象学家,,,小说家,,飞行家,,哭泣小丑,守墓人,杂货商,移形,未使用,主,0,stian,气象学家,1.92,0,1,0,81,淘汰,long,飞行家,0,0,0,0,76,淘汰,lin,拉拉队员,2.31,0,0,0,43,出门,yihua,守墓人,1.2,0,1,0,77,出门,6,53,xawm,跛脚羊,,火灾调查员,魔术师,
57,6,2025-11-08_1800_FPX.ZQ_vs_GG_R6_G3,FPX.ZQ vs GG,FPX.ZQ,GG,2,2,平局,2025,IVL秋季赛常规赛,2025-11-08,1800,FPX.ZQ,GG,3,主,FPX.ZQ,dongx,2,2,平,,湖景村,红教堂,前锋,心理学家,杂技演员,幸运儿,气象学家,守墓人,,,,杂货商,跛脚羊,,先知,哭泣小丑,,,歌剧演员,喧嚣,,佣兵,火灾调查员,,,空军,,邮差,,飞行家,拉拉队员,梦之女巫,巡视者,闪现,主,0,ppz,火灾调查员,2.12,0,0,1,79,淘汰,18,邮差,0.02,0,0,0,44,淘汰,kucao,佣兵,2,0,1,0,98,出门,ppxia,拉拉队员,2.31,0,1,1,42,出门,9,54,xawm,跛脚羊,,入殓师,古董商,
58,1,2025-11-09_1400_TE_vs_WBG_R1_G1,TE vs WBG,WBG,TE,3,1,监管胜,2025,IVL秋季赛常规赛,2025-11-09,1400,TE,WBG,1,客,WBG,n1e,1,3,屠,月亮河公园,唐人街,永眠镇,,,,,,,,,,,,,先知,咒术师,,,,,,古董商,幸运儿,,,气象学家,,大副,,木偶师,魔术师,跛脚羊,窥视者,闪现,主,1,drop,幸运儿,2.59,0,1,2,73,淘汰,maom,古董商,1.02,0,1,0,49,淘汰,libao,大副,1.31,0,3,1,65,出门,lconfid,魔术师,0,0,0,0,73,淘汰,10,0,guoker,杂技演员,,,,
58,2,2025-11-09_1400_TE_vs_WBG_R2_G1,TE vs WBG,TE,WBG,2,2,平局,2025,IVL秋季赛常规赛,2025-11-09,1400,TE,WBG,1,主,TE,ppei,2,2,平,月亮河公园,唐人街,永眠镇,,,,,,,,,,,,,先知,古董商,,,,,,大副,木偶师,,,魔术师,,飞行家,,咒术师,弓箭手,跛脚羊,兴奋,传送,主,0,koting,飞行家,1.83,0,0,0,55,出门,guoker,木偶师,2.06,0,1,1,42,淘汰,huiyi,大副,1,0,1,0,33,出门,persica,弓箭手,0.16,0,0,0,51,淘汰,5,17,guoker,杂技演员,,,,
58,3,2025-11-09_1400_TE_vs_WBG_R3_G2,TE vs WBG,TE,WBG,2,2,平局,2025,IVL秋季赛常规赛,2025-11-09,1400,TE,WBG,2,主,TE,ppei,2,2,平,,红教堂,军工厂,大副,木偶师,飞行家,,,,,,,跛脚羊,,,先知,逃脱大师,,,歌剧演员,,,佣兵,冒险家,,,法罗女士,,气象学家,,幸运儿,杂技演员,喧嚣,移形,未携带,客,0,koting,冒险家,1.84,0,0,0,23,淘汰,guoker,杂技演员,0,1,0,0,104,淘汰,huiyi,佣兵,1.09,0,2,0,49,出门,persica,气象学家,2.07,0,0,0,0,出门,4,42,guoker,杂技演员,,弓箭手,,
58,4,2025-11-09_1400_TE_vs_WBG_R4_G2,TE vs WBG,WBG,TE,1,3,求生胜,2025,IVL秋季赛常规赛,2025-11-09,1400,TE,WBG,2,客,WBG,n1e,3,1,人,,红教堂,军工厂,古董商,幸运儿,大副,,,,,,,跛脚羊,,,冒险家,空军,,,歌剧演员,,,法罗女士,逃脱大师,,,入殓师,,飞行家,,火灾调查员,囚徒,26号守卫,移形,未携带,客,0,drop,法罗女士,1.87,0,0,0,11,出门,maom,囚徒,2.28,0,0,0,14,出门,libao,逃脱大师,0.96,0,1,0,48,出门,lconfid,飞行家,0.13,0,0,0,58,淘汰,4,27,guoker,杂技演员,,魔术师,,
58,5,2025-11-09_1400_TE_vs_WBG_R5_G3,TE vs WBG,WBG,TE,3,1,监管胜,2025,IVL秋季赛常规赛,2025-11-09,1400,TE,WBG,3,客,WBG,n1e,1,3,屠,,圣心医院,唐人街,法罗女士,逃脱大师,飞行家,古董商,幸运儿,大副,,,,26号守卫,跛脚羊,,先知,祭司,,,歌剧演员,喧嚣,,拉拉队员,昆虫学者,,,佣兵,,哭泣小丑,,火灾调查员,气象学家,时空之影,闪现,未携带,主,0,drop,昆虫学者,1.97,0,0,0,83,出门,maom,拉拉队员,0.04,0,0,0,62,淘汰,libao,哭泣小丑,1.09,0,1,0,38,淘汰,lconfid,气象学家,3.08,0,0,0,128,淘汰,9,22,guoker,杂技演员,,囚徒,魔术师,
58,6,2025-11-09_1400_TE_vs_WBG_R6_G3,TE vs WBG,TE,WBG,2,2,平局,2025,IVL秋季赛常规赛,2025-11-09,1400,TE,WBG,3,主,TE,suda,2,2,平,,圣心医院,唐人街,佣兵,冒险家,气象学家,大副,木偶师,飞行家,,,,喧嚣,跛脚羊,,先知,幸运儿,,,歌剧演员,时空之影,,古董商,邮差,,,哭泣小丑,,野人,,入殓师,拉拉队员,蜘蛛,兴奋,闪现,主,0,koting,拉拉队员,2.25,0,1,0,32,出门,guoker,古董商,0.01,1,0,0,119,淘汰,huiyi,野人,1.92,0,1,0,87,淘汰,persica,邮差,2.13,0,0,0,13,出门,7,19,guoker,杂技演员,,杂技演员,弓箭手,
59,1,2025-11-09_1600_GR_vs_DOU5_R1_G1,GR vs DOU5,DOU5,GR,2,2,平局,2025,IVL秋季赛常规赛,2025-11-09,1600,GR,DOU5,1,客,DOU5,mhxm,2,2,平,唐人街,不归林,湖景村,,,,,,,,,,,,,先知,幸运儿,,,,,,机械师,大副,,,咒术师,,弓箭手,,气象学家,魔术师,歌剧演员,闪现,传送,主,0,ac,机械师,1.93,0,1,0,19,出门,heart,大副,1.3,0,1,0,35,淘汰,red,弓箭手,1.99,0,0,0,4,出门,ak,魔术师,0,0,0,0,84,淘汰,4,15,jin,鹿头,,,,
59,2,2025-11-09_1600_GR_vs_DOU5_R2_G1,GR vs DOU5,GR,DOU5,2,2,平局,2025,IVL秋季赛常规赛,2025-11-09,1600,GR,DOU5,1,主,GR,jin,2,2,平,唐人街,不归林,湖景村,,,,,,,,,,,,,冒险家,大副,,,,,,守墓人,气象学家,,,幸运儿,,机械师,,先知,咒术师,喧嚣,移形,未携带,主,0,czai,气象学家,2.01,0,1,0,20,出门,chen,咒术师,0,0,0,0,90,淘汰,楠,守墓人,1.38,0,2,0,65,出门,silverzhi,机械师,1.68,0,2,1,63,淘汰,6,19,jin,鹿头,,,,
59,3,2025-11-09_1600_GR_vs_DOU5_R3_G2,GR vs DOU5,DOU5,GR,3,1,监管胜,2025,IVL秋季赛常规赛,2025-11-09,1600,GR,DOU5,2,客,DOU5,mhxm,1,3,屠,,里奥的回忆,永眠镇,机械师,大副,弓箭手,,,,,,,歌剧演员,,,先知,逃脱大师,,,跛脚羊,,,佣兵,幸运儿,,,飞行家,,气象学家,,小说家,古董商,喧嚣,移形,未携带,客,0,ac,气象学家,0.06,0,0,0,70,淘汰,heart,佣兵,1.3,0,1,0,56,淘汰,red,古董商,2,0,0,1,65,淘汰,ak,幸运儿,1.82,0,0,2,70,出门,6,23,jin,鹿头,,魔术师,,
59,4,2025-11-09_1600_GR_vs_DOU5_R4_G2,GR vs DOU5,GR,DOU5,3,1,监管胜,2025,IVL秋季赛常规赛,2025-11-09,1600,GR,DOU5,2,主,GR,jin,3,1,屠,,里奥的回忆,永眠镇,守墓人,气象学家,机械师,,,,,,,喧嚣,,,先知,前锋,,,跛脚羊,,,幸运儿,火灾调查员,,,逃脱大师,,大副,,拉拉队员,飞行家,破轮,闪现,窥视者,客,0,czai,飞行家,2.25,0,2,0,130,淘汰,chen,火灾调查员,0.02,0,0,0,105,淘汰,楠,大副,1.76,0,1,0,45,出门,silverzhi,幸运儿,1.93,0,1,0,84,淘汰,6,55,jin,鹿头,,咒术师,,
59,5,2025-11-09_1600_GR_vs_DOU5_R5_G3,GR vs DOU5,GR,DOU5,5,0,监管胜,2025,IVL秋季赛常规赛,2025-11-09,1600,GR,DOU5,3,主,GR,jin,5,0,屠,,红教堂,月亮河公园,幸运儿,火灾调查员,大副,守墓人,气象学家,机械师,,,,破轮,喧嚣,,先知,前锋,,,跛脚羊,歌剧演员,,入殓师,病患,,,古董商,,佣兵,,小说家,哭泣小丑,鹿头,移形,传送,主,0,czai,哭泣小丑,2.07,0,0,0,80,淘汰,chen,病患,2.75,0,2,0,66,淘汰,楠,佣兵,1.15,0,1,0,109,淘汰,silverzhi,入殓师,0,0,1,0,67,淘汰,8,59,jin,鹿头,,飞行家,咒术师,
59,6,2025-11-09_1600_GR_vs_DOU5_R6_G3,GR vs DOU5,DOU5,GR,3,1,监管胜,2025,IVL秋季赛常规赛,2025-11-09,1600,GR,DOU5,3,客,DOU5,mhxm,1,3,屠,,红教堂,月亮河公园,佣兵,幸运儿,气象学家,机械师,大副,弓箭手,,,,喧嚣,歌剧演员,,先知,入殓师,,,跛脚羊,鹿头,,逃脱大师,小说家,,,火灾调查员,,飞行家,,囚徒,邮差,杂货商,失常,传送,主,0,ac,邮差,2.32,0,0,0,27,淘汰,heart,逃脱大师,0,0,0,0,114,淘汰,red,小说家,1.69,0,1,0,36,淘汰,ak,飞行家,2.1,0,1,0,31,出门,7,14,jin,鹿头,,古董商,魔术师,
60,1,2025-11-09_1800_GW_vs_ACT_R1_G1,GW vs ACT,GW,ACT,2,2,平局,2025,IVL秋季赛常规赛,2025-11-09,1800,GW,ACT,1,主,GW,ali,2,2,平,湖景村,里奥的回忆,红教堂,,,,,,,,,,,,,幸运儿,咒术师,,,,,,先知,大副,,,飞行家,,气象学家,,教授,机械师,26号守卫,移形,未携带,主,0,eleven,大副,0.81,0,2,0,64,淘汰,gougou,先知,0,0,0,0,94,淘汰,xy,机械师,2.49,0,0,0,5,出门,xmiao5,气象学家,1.71,0,0,0,17,出门,4,31,gougou,火灾调查员,,,,
60,2,2025-11-09_1800_GW_vs_ACT_R2_G1,GW vs ACT,ACT,GW,2,2,平局,2025,IVL秋季赛常规赛,2025-11-09,1800,GW,ACT,1,客,ACT,zz9,2,2,平,湖景村,里奥的回忆,红教堂,,,,,,,,,,,,,幸运儿,大副,,,,,,飞行家,木偶师,,,咒术师,,守墓人,,先知,魔术师,跛脚羊,窥视者,传送,主,0,lancelot,魔术师,2.42,0,0,0,108,淘汰,leil,飞行家,0.17,0,0,0,89,淘汰,lion,守墓人,2.1,0,1,1,57,出门,unicorn,木偶师,2.33,0,1,1,57,出门,7,10,gougou,火灾调查员,,,,
60,3,2025-11-09_1800_GW_vs_ACT_R3_G2,GW vs ACT,GW,ACT,1,3,求生胜,2025,IVL秋季赛常规赛,2025-11-09,1800,GW,ACT,2,主,GW,ali,1,3,人,,永眠镇,月亮河公园,先知,大副,气象学家,,,,,,,26号守卫,,,古董商,空军,,,跛脚羊,,,园丁,佣兵,,,哭泣小丑,,飞行家,,幸运儿,火灾调查员,歌剧演员,失常,传送,客,0,eleven,佣兵,1.61,0,1,0,13,出门,gougou,火灾调查员,1.72,0,1,0,64,淘汰,xy,园丁,0,0,0,0,118,出门,xmiao5,飞行家,2.28,0,0,0,3,出门,5,29,gougou,火灾调查员,,机械师,,
60,4,2025-11-09_1800_GW_vs_ACT_R4_G2,GW vs ACT,ACT,GW,2,2,平局,2025,IVL秋季赛常规赛,2025-11-09,1800,GW,ACT,2,客,ACT,zz9,2,2,平,,永眠镇,月亮河公园,飞行家,木偶师,守墓人,,,,,,,跛脚羊,,,先知,幸运儿,,,歌剧演员,,,空军,火灾调查员,,,气象学家,,病患,,大副,佣兵,喧嚣,移形,未携带,客,0,lancelot,病患,2.08,0,0,0,0,出门,leil,空军,0,1,0,0,91,淘汰,lion,佣兵,0.92,0,2,0,35,出门,unicorn,火灾调查员,2,0,1,0,43,淘汰,4,55,gougou,火灾调查员,,魔术师,,
60,5,2025-11-09_1800_GW_vs_ACT_R5_G3,GW vs ACT,ACT,GW,2,2,平局,2025,IVL秋季赛常规赛,2025-11-09,1800,GW,ACT,3,客,ACT,zz9,2,2,平,,不归林,湖景村,空军,火灾调查员,病患,飞行家,木偶师,守墓人,,,,喧嚣,跛脚羊,,先知,幸运儿,,,时空之影,歌剧演员,,小说家,气象学家,,,哭泣小丑,,大副,,心理学家,拉拉队员,杂货商,移形,未使用,主,0,lancelot,拉拉队员,2.45,0,0,1,34,出门,leil,气象学家,2.28,0,1,2,39,出门,lion,大副,1.24,1,1,0,1.48,淘汰,unicorn,小说家,0,0,0,0,83,淘汰,8,1,gougou,火灾调查员,,佣兵,魔术师,
60,6,2025-11-09_1800_GW_vs_ACT_R6_G3,GW vs ACT,GW,ACT,2,2,平局,2025,IVL秋季赛常规赛,2025-11-09,1800,GW,ACT,3,主,GW,ali,2,2,平,,不归林,湖景村,园丁,佣兵,飞行家,先知,大副,气象学家,,,,歌剧演员,26号守卫,,古董商,幸运儿,,,跛脚羊,喧嚣,,逃脱大师,入殓师,,,空军,,记者,,小说家,病患,蜘蛛,闪现,传送,主,0,eleven,逃脱大师,0,0,0,0,66,淘汰,gougou,记者,1.26,0,1,0,47,出门,xy,入殓师,2.24,0,1,0,4,淘汰,xmiao5,病患,2.07,1,0,0,55,出门,6,3,gougou,火灾调查员,,火灾调查员,机械师,
61,1,2025-11-14_1400_GG_vs_TE_R1_G1,GG vs TE,GG,TE,2,2,平局,2025,IVL秋季赛常规赛,2025-11-14,1400,GG,TE,1,主,GG,xawm,2,2,平,军工厂,红教堂,永眠镇,,,,,,,,,,,,,先知,咒术师,,,,,,古董商,机械师,,,守墓人,,大副,,木偶师,飞行家,跛脚羊,窥视者,闪现,主,0,drop,机械师,1,0,0,0,102,淘汰,maom,古董商,1.01,0,1,0,28,出门,libao,大副,1,0,1,0,24,出门,lconfid,飞行家,1.99,0,1,0,37,淘汰,5,0,xawm,使徒,,,,
61,2,2025-11-14_1400_GG_vs_TE_R2_G1,GG vs TE,TE,GG,2,2,平局,2025,IVL秋季赛常规赛,2025-11-14,1400,GG,TE,1,客,TE,ppei,2,2,平,军工厂,红教堂,永眠镇,,,,,,,,,,,,,先知,咒术师,,,,,,古董商,气象学家,,,机械师,,幸运儿,,守墓人,大副,跛脚羊,窥视者,传送,主,0,ppz,古董商,1.34,0,2,0,73,出门,18,幸运儿,0,0,0,0,56,淘汰,kucao,大副,2,0,1,0,46,出门,bye,气象学家,1.66,0,1,1,26,淘汰,4,52,xawm,使徒,,,,
61,3,2025-11-14_1400_GG_vs_TE_R3_G2,GG vs TE,GG,TE,2,2,平局,2025,IVL秋季赛常规赛,2025-11-14,1400,GG,TE,2,主,GG,qiu,2,2,平,,里奥的回忆,湖景村,古董商,机械师,大副,,,,,,,跛脚羊,,,先知,逃脱大师,,,歌剧演员,,,佣兵,火灾调查员,,,冒险家,,幸运儿,,气象学家,病患,喧嚣,移形,未携带,客,0,drop,幸运儿,0,0,0,0,83,淘汰,maom,火灾调查员,1.42,0,1,0,36,淘汰,libao,佣兵,1.61,0,1,0,9,出门,lconfid,病患,2,0,0,0,0,出门,4,27,xawm,使徒,,飞行家,,
61,4,2025-11-14_1400_GG_vs_TE_R4_G2,GG vs TE,TE,GG,1,3,求生胜,2025,IVL秋季赛常规赛,2025-11-14,1400,GG,TE,2,客,TE,ppei,3,1,人,,里奥的回忆,湖景村,古董商,气象学家,幸运儿,,,,,,,跛脚羊,,,先知,逃脱大师,,,喧嚣,,,冒险家,佣兵,,,火灾调查员,,杂技演员,,飞行家,空军,歌剧演员,窥视者,闪现,客,0,ppz,空军,0.07,0,0,0,114,淘汰,18,冒险家,1.99,0,0,0,0,出门,kucao,佣兵,1.31,0,1,0,26,出门,ppxia,杂技演员,1.83,0,1,0,6,出门,4,34,xawm,使徒,,大副,,
61,5,2025-11-14_1400_GG_vs_TE_R5_G3,GG vs TE,GG,TE,5,0,监管胜,2025,IVL秋季赛常规赛,2025-11-14,1400,GG,TE,3,主,GG,xawm,5,0,屠,,月亮河公园,红教堂,佣兵,火灾调查员,幸运儿,古董商,机械师,大副,,,,喧嚣,跛脚羊,,先知,勘探员,,,26号守卫,歌剧演员,,囚徒,逃脱大师,,,拉拉队员,,气象学家,,空军,法罗女士,使徒,移形,失常,主,1,drop,法罗女士,2.81,0,0,0,144,淘汰,maom,囚徒,0.07,0,0,0,70,淘汰,libao,逃脱大师,1.18,0,1,1,41,淘汰,lconfid,气象学家,1.93,0,3,1,80,淘汰,11,3,xawm,使徒,,病患,飞行家,
61,6,2025-11-14_1400_GG_vs_TE_R6_G3,GG vs TE,TE,GG,2,2,平局,2025,IVL秋季赛常规赛,2025-11-14,1400,GG,TE,3,客,TE,suda,2,2,平,,月亮河公园,红教堂,冒险家,佣兵,杂技演员,古董商,气象学家,幸运儿,,,,歌剧演员,跛脚羊,,先知,拉拉队员,,,记录员,喧嚣,,逃脱大师,火灾调查员,,,飞行家,,邮差,,心理学家,法罗女士,时空之影,闪现,窥视者,主,0,ppz,火灾调查员,1.29,0,2,0,40,出门,18,邮差,1.61,0,0,0,29,出门,kucao,逃脱大师,0,0,0,0,68,淘汰,ppxia,法罗女士,2.35,0,0,0,38,淘汰,5,13,xawm,使徒,,空军,大副,
62,1,2025-11-14_1600_FPX.ZQ_vs_GR_R1_G1,FPX.ZQ vs GR,FPX.ZQ,GR,1,3,求生胜,2025,IVL秋季赛常规赛,2025-11-14,1600,FPX.ZQ,GR,1,主,FPX.ZQ,dongx,1,3,人,里奥的回忆,永眠镇,不归林,,,,,,,,,,,,,先知,咒术师,,,,,,大副,弓箭手,,,机械师,,幸运儿,,魔术师,木偶师,跛脚羊,闪现,传送,主,0,ac,木偶师,2,0,1,0,28,出门,heart,大副,1.7,0,0,0,0,出门,red,弓箭手,1.3,0,1,0,69,出门,ak,幸运儿,0,0,0,0,125,淘汰,4,32,jin,杂货商,,,,
62,2,2025-11-14_1600_FPX.ZQ_vs_GR_R2_G1,FPX.ZQ vs GR,GR,FPX.ZQ,5,0,监管胜,2025,IVL秋季赛常规赛,2025-11-14,1600,FPX.ZQ,GR,1,客,GR,jin,0,5,屠,里奥的回忆,永眠镇,不归林,,,,,,,,,,,,,机械师,幸运儿,,,,,,先知,逃脱大师,,,咒术师,,教授,,飞行家,入殓师,跛脚羊,失常,未使用,主,0,stian,先知,2.08,0,2,0,40,淘汰,long,教授,2.43,0,1,0,47,淘汰,lin,入殓师,0.13,1,1,0,64,淘汰,yihua,逃脱大师,1.5,0,1,0,56,淘汰,8,4,jin,杂货商,,,,
62,3,2025-11-14_1600_FPX.ZQ_vs_GR_R3_G2,FPX.ZQ vs GR,FPX.ZQ,GR,5,0,监管胜,2025,IVL秋季赛常规赛,2025-11-14,1600,FPX.ZQ,GR,2,主,FPX.ZQ,dongx,5,0,屠,,唐人街,湖景村,大副,弓箭手,幸运儿,,,,,,,跛脚羊,,,先知,古董商,,,歌剧演员,,,佣兵,空军,,,气象学家,,飞行家,,火灾调查员,法罗女士,梦之女巫,巡视者,闪现,客,1,ac,法罗女士,3.38,0,0,0,79,淘汰,heart,佣兵,0.8,0,1,0,41,淘汰,jiying,飞行家,0,0,0,0,35,淘汰,ak,空军,1.18,0,1,0,43,淘汰,6,57,jin,杂货商,,木偶师,,
62,4,2025-11-14_1600_FPX.ZQ_vs_GR_R4_G2,FPX.ZQ vs GR,GR,FPX.ZQ,1,3,求生胜,2025,IVL秋季赛常规赛,2025-11-14,1600,FPX.ZQ,GR,2,客,GR,jin,3,1,人,,唐人街,湖景村,先知,逃脱大师,教授,,,,,,,跛脚羊,,,大副,冒险家,,,喧嚣,,,木偶师,古董商,,,机械师,,飞行家,,佣兵,野人,26号守卫,移形,传送,客,0,stian,古董商,0,0,0,0,84,淘汰,long,飞行家,2.11,0,1,0,45,出门,lin,木偶师,1.56,0,0,0,53,出门,yihua,野人,1.33,0,1,0,56,出门,6,2,jin,杂货商,,入殓师,,
62,5,2025-11-14_1600_FPX.ZQ_vs_GR_R5_G3,FPX.ZQ vs GR,GR,FPX.ZQ,5,0,监管胜,2025,IVL秋季赛常规赛,2025-11-14,1600,FPX.ZQ,GR,3,客,GR,jin,0,5,屠,,里奥的回忆,红教堂,木偶师,古董商,飞行家,先知,逃脱大师,教授,,,,26号守卫,跛脚羊,,佣兵,幸运儿,,,歌剧演员,喧嚣,,大副,火灾调查员,,,法罗女士,,小说家,,心理学家,拉拉队员,杂货商,移形,传送,主,1,stian,火灾调查员,1.46,0,1,0,23,淘汰,long,拉拉队员,1.71,0,1,0,44,淘汰,lin,小说家,0.02,0,0,0,72,淘汰,yihua,大副,1.89,0,2,0,38,淘汰,7,9,jin,杂货商,,野人,入殓师,
62,6,2025-11-14_1600_FPX.ZQ_vs_GR_R6_G3,FPX.ZQ vs GR,FPX.ZQ,GR,2,2,平局,2025,IVL秋季赛常规赛,2025-11-14,1600,FPX.ZQ,GR,3,主,FPX.ZQ,dongx,2,2,平,,里奥的回忆,红教堂,佣兵,空军,飞行家,大副,弓箭手,幸运儿,,,,梦之女巫,跛脚羊,,先知,古董商,,,时空之影,喧嚣,,气象学家,火灾调查员,,,入殓师,,小说家,,野人,哭泣小丑,杂货商,失常,未使用,主,0,ac,气象学家,2.76,0,0,0,29,出门,heart,哭泣小丑,0,0,0,0,61,淘汰,red,小说家,1.57,1,2,1,77,出门,ak,火灾调查员,1.44,0,0,0,65,淘汰,6,6,jin,杂货商,,法罗女士,木偶师,
63,1,2025-11-14_1800_GW_vs_DOU5_R1_G1,GW vs DOU5,DOU5,GW,2,2,平局,2025,IVL秋季赛常规赛,2025-11-14,1800,GW,DOU5,1,客,DOU5,ssa,2,2,平,红教堂,不归林,湖景村,,,,,,,,,,,,,先知,幸运儿,,,,,,魔术师,木偶师,,,守墓人,,大副,,火灾调查员,气象学家,歌剧演员,失常,传送,主,0,lancelot,魔术师,2.6,0,1,1,18,出门,leil,气象学家,0,0,0,0,71,淘汰,lion,大副,0.74,1,1,0,62,淘汰,unicorn,木偶师,2.6,0,0,0,74,出门,6,17,ssa,蜡像师,,,,
63,2,2025-11-14_1800_GW_vs_DOU5_R2_G1,GW vs DOU5,GW,DOU5,2,2,平局,2025,IVL秋季赛常规赛,2025-11-14,1800,GW,DOU5,1,主,GW,tzym,2,2,平,红教堂,不归林,湖景村,,,,,,,,,,,,,先知,幸运儿,,,,,,木偶师,古董商,,,守墓人,,大副,,气象学家,飞行家,跛脚羊,闪现,兴奋,主,0,czai,古董商,1.39,0,0,0,81,出门,chen,飞行家,0.01,0,0,0,92,淘汰,楠,大副,1.89,0,1,0,19,出门,silverzhi,木偶师,1.72,0,2,0,49,淘汰,5,38,ssa,蜡像师,,,,
63,3,2025-11-14_1800_GW_vs_DOU5_R3_G2,GW vs DOU5,GW,DOU5,2,2,平局,2025,IVL秋季赛常规赛,2025-11-14,1800,GW,DOU5,2,主,GW,tzym,2,2,平,,唐人街,永眠镇,木偶师,古董商,大副,,,,,,,跛脚羊,,,先知,幸运儿,,,喧嚣,,,病患,火灾调查员,,,空军,,弓箭手,,守墓人,佣兵,鹿头,移形,传送,客,0,czai,弓箭手,1.05,0,1,0,38,出门,chen,病患,1.91,0,1,0,10,出门,楠,佣兵,0.09,0,0,0,77,淘汰,silverzhi,火灾调查员,1.95,0,0,0,30,淘汰,5,41,ssa,蜡像师,,飞行家,,
63,4,2025-11-14_1800_GW_vs_DOU5_R4_G2,GW vs DOU5,DOU5,GW,3,1,监管胜,2025,IVL秋季赛常规赛,2025-11-14,1800,GW,DOU5,2,客,DOU5,ssa,1,3,屠,,唐人街,永眠镇,魔术师,木偶师,大副,,,,,,,歌剧演员,,,幸运儿,火灾调查员,,,杂货商,,,先知,古董商,,,拉拉队员,,飞行家,,守墓人,逃脱大师,蜡像师,移形,传送,客,2,lancelot,飞行家,0,0,0,0,102,淘汰,leil,先知,2,0,0,0,25,出门,lion,逃脱大师,1.75,0,1,0,21,淘汰,unicorn,古董商,1.18,0,0,0,23,淘汰,6,25,ssa,蜡像师,,气象学家,,
63,5,2025-11-14_1800_GW_vs_DOU5_R5_G3,GW vs DOU5,DOU5,GW,3,1,监管胜,2025,IVL秋季赛常规赛,2025-11-14,1800,GW,DOU5,3,客,DOU5,mhxm,1,3,屠,,不归林,唐人街,先知,古董商,飞行家,魔术师,木偶师,大副,,,,蜡像师,歌剧演员,,幸运儿,火灾调查员,,,喧嚣,跛脚羊,,拉拉队员,小说家,,,空军,,守墓人,,入殓师,弓箭手,杂货商,移形,传送,主,0,lancelot,弓箭手,0.03,0,0,0,40,淘汰,leil,拉拉队员,1.31,0,1,1,66,淘汰,lion,守墓人,1.72,1,3,0,107,淘汰,unicorn,小说家,2.25,1,1,1,94,出门,10,37,ssa,蜡像师,,逃脱大师,气象学家,
63,6,2025-11-14_1800_GW_vs_DOU5_R6_G3,GW vs DOU5,GW,DOU5,2,2,平局,2025,IVL秋季赛常规赛,2025-11-14,1800,GW,DOU5,3,主,GW,tzym,2,2,平,,不归林,唐人街,病患,火灾调查员,弓箭手,木偶师,古董商,大副,,,,鹿头,跛脚羊,,先知,幸运儿,,,歌剧演员,喧嚣,,气象学家,空军,,,小说家,,哭泣小丑,,杂技演员,守墓人,时空之影,闪现,传送,主,0,czai,哭泣小丑,0.92,0,1,0,42,出门,chen,空军,2.29,0,1,0,26,淘汰,楠,守墓人,2.33,0,1,0,9,出门,silverzhi,气象学家,0.04,0,0,0,183,淘汰,5,16,ssa,蜡像师,,佣兵,飞行家,
64,1,2025-11-15_1400_GG_vs_GR_R1_G1,GG vs GR,GG,GR,1,3,求生胜,2025,IVL秋季赛常规赛,2025-11-15,1400,GG,GR,1,主,GG,xawm,1,3,人,里奥的回忆,永眠镇,圣心医院,,,,,,,,,,,,,冒险家,机械师,,,,,,幸运儿,囚徒,,,气象学家,,飞行家,,大副,野人,26号守卫,窥视者,移形,主,0,ac,囚徒,0,0,0,0,146,淘汰,heart,野人,1.18,0,1,0,35,出门,red,幸运儿,1.82,0,0,0,9,出门,ak,飞行家,2,0,0,0,4,出门,4,22,jin,喧嚣,,,,
64,2,2025-11-15_1400_GG_vs_GR_R2_G1,GG vs GR,GR,GG,5,0,监管胜,2025,IVL秋季赛常规赛,2025-11-15,1400,GG,GR,1,客,GR,jin,0,5,屠,里奥的回忆,永眠镇,圣心医院,,,,,,,,,,,,,冒险家,机械师,,,,,,幸运儿,气象学家,,,大副,,守墓人,,飞行家,咒术师,喧嚣,移形,未携带,主,0,ppz,咒术师,0,0,0,0,110,淘汰,18,幸运儿,2.17,0,1,0,41,淘汰,kucao,守墓人,1.33,0,1,0,57,淘汰,bye,气象学家,1.77,0,1,1,22,淘汰,6,37,jin,喧嚣,,,,
64,3,2025-11-15_1400_GG_vs_GR_R3_G2,GG vs GR,GG,GR,2,2,平局,2025,IVL秋季赛常规赛,2025-11-15,1400,GG,GR,2,主,GG,qiu,2,2,平,,月亮河公园,湖景村,幸运儿,囚徒,飞行家,,,,,,,26号守卫,,,先知,古董商,,,跛脚羊,,,气象学家,病患,,,佣兵,,大副,,冒险家,杂技演员,歌剧演员,移形,失常,客,0,ac,气象学家,2.17,0,2,0,49,出门,heart,大副,2,0,2,0,63,出门,jiying,病患,0,0,0,0,60,淘汰,ak,杂技演员,1.94,0,1,0,55,淘汰,7,1,jin,喧嚣,,野人,,
64,4,2025-11-15_1400_GG_vs_GR_R4_G2,GG vs GR,GR,GG,3,1,监管胜,2025,IVL秋季赛常规赛,2025-11-15,1400,GG,GR,2,客,GR,jin,1,3,屠,,月亮河公园,湖景村,幸运儿,气象学家,守墓人,,,,,,,喧嚣,,,古董商,冒险家,,,跛脚羊,,,佣兵,空军,,,病患,,杂技演员,,飞行家,哭泣小丑,歌剧演员,闪现,传送,客,0,ppz,空军,2.42,0,0,0,126,出门,18,佣兵,1.15,0,2,1,68,淘汰,kucao,哭泣小丑,2.09,0,2,2,80,淘汰,ppxia,杂技演员,0.21,0,0,0,45,淘汰,9,7,jin,喧嚣,,咒术师,,
65,1,2025-11-15_1600_WBG_vs_MRC_R1_G1,WBG vs MRC,WBG,MRC,5,0,监管胜,2025,IVL秋季赛常规赛,2025-11-15,1600,WBG,MRC,1,主,WBG,n1e,5,0,屠,,,永眠镇,,,,,,,,,,,,,机械师,咒术师,,,,,,幸运儿,木偶师,,,古董商,,大副,,弓箭手,魔术师,跛脚羊,闪现,传送,主,0,xiaox,大副,1.03,0,1,0,51,淘汰,huac,木偶师,2,0,1,0,33,淘汰,nanako,幸运儿,2.6,0,0,1,37,淘汰,xiaod,魔术师,0.02,0,0,0,67,淘汰,5,31,bailu,喧嚣,,,,
65,2,2025-11-15_1600_WBG_vs_MRC_R2_G1,WBG vs MRC,MRC,WBG,3,1,监管胜,2025,IVL秋季赛常规赛,2025-11-15,1600,WBG,MRC,1,客,MRC,bailu,1,3,屠,,,永眠镇,,,,,,,,,,,,,先知,古董商,,,,,,大副,木偶师,,,咒术师,,弓箭手,,魔术师,飞行家,跛脚羊,失常,传送,主,0,koting,飞行家,1.61,0,1,0,38,淘汰,guoker,木偶师,2.58,0,0,0,48,淘汰,huiyi,大副,1.86,0,1,0,12,出门,persica,弓箭手,0.14,0,0,0,88,淘汰,5,22,bailu,喧嚣,,,,
65,3,2025-11-15_1600_WBG_vs_MRC_R3_G2,WBG vs MRC,WBG,MRC,2,2,平局,2025,IVL秋季赛常规赛,2025-11-15,1600,WBG,MRC,2,主,WBG,n1e,2,2,平,,月亮河公园,湖景村,幸运儿,木偶师,大副,,,,,,,跛脚羊,,,空军,冒险家,,,歌剧演员,,,气象学家,逃脱大师,,,哭泣小丑,,火灾调查员,,飞行家,病患,26号守卫,移形,未携带,客,0,xiaox,逃脱大师,0.15,0,0,0,75,淘汰,huac,病患,1.32,0,0,0,86,淘汰,nanako,火灾调查员,2,0,0,0,19,出门,xiaod,气象学家,1.54,0,1,0,26,出门,6,7,bailu,喧嚣,,魔术师,,
65,4,2025-11-15_1600_WBG_vs_MRC_R4_G2,WBG vs MRC,MRC,WBG,5,0,监管胜,2025,IVL秋季赛常规赛,2025-11-15,1600,WBG,MRC,2,客,MRC,bailu,0,5,屠,,月亮河公园,湖景村,大副,木偶师,弓箭手,,,,,,,跛脚羊,,,先知,古董商,,,歌剧演员,,,佣兵,幸运儿,,,气象学家,,记者,,杂技演员,火灾调查员,喧嚣,移形,传送,客,1,koting,记者,2.2,0,2,0,67,淘汰,guoker,火灾调查员,1.83,0,1,0,59,淘汰,huiyi,佣兵,1,0,1,0,56,淘汰,persica,幸运儿,0,0,0,0,56,淘汰,7,18,bailu,喧嚣,,飞行家,,
65,5,2025-11-15_1600_WBG_vs_MRC_R5_G3,WBG vs MRC,WBG,MRC,1,3,求生胜,2025,IVL秋季赛常规赛,2025-11-15,1600,WBG,MRC,3,主,WBG,n1e,1,3,人,,军工厂,月亮河公园,气象学家,逃脱大师,火灾调查员,幸运儿,木偶师,大副,,,,26号守卫,跛脚羊,,先知,空军,,,歌剧演员,喧嚣,,佣兵,飞行家,,,哭泣小丑,,小女孩,,,古董商,时空之影,闪现,未携带,主,0,xiaox,佣兵,0.84,0,1,0,66,出门,huac,飞行家,2,0,0,0,71,淘汰,nanako,古董商,2.16,0,1,1,11,出门,xiaod,小女孩,0.66,0,0,0,110,出门,6,1,bailu,喧嚣,,病患,魔术师,
65,6,2025-11-15_1600_WBG_vs_MRC_R6_G3,WBG vs MRC,MRC,WBG,2,2,平局,2025,IVL秋季赛常规赛,2025-11-15,1600,WBG,MRC,3,客,MRC,bailu,2,2,平,,军工厂,月亮河公园,佣兵,幸运儿,记者,大副,木偶师,弓箭手,,,,喧嚣,跛脚羊,,法罗女士,气象学家,,,歌剧演员,时空之影,,小说家,古董商,,,逃脱大师,,野人,,哭泣小丑,盲女,杂货商,移形,失常,主,0,koting,盲女,3,0,1,0,14,出门,guoker,古董商,0,0,0,0,70,淘汰,huiyi,野人,1,0,0,0,45,淘汰,persica,小说家,1.93,0,1,0,55,出门,5,10,bailu,喧嚣,,火灾调查员,飞行家,
66,1,2025-11-15_1800_ACT_vs_Wolves_R1_G1,ACT vs Wolves,Wolves,ACT,5,0,监管胜,2025,IVL秋季赛常规赛,2025-11-15,1800,ACT,Wolves,1,客,Wolves,choai,0,5,屠,月亮河公园,唐人街,湖景村,,,,,,,,,,,,,先知,古董商,,,,,,咒术师,大副,,,木偶师,,教授,,气象学家,飞行家,小丑,闪现,传送,主,1,eleven,大副,0.24,1,2,1,91,淘汰,gougou,咒术师,0.91,0,0,2,71,淘汰,xy,教授,2.41,0,1,2,46,淘汰,xmiao5,飞行家,1.09,0,1,0,44,淘汰,9,16,choai,小丑,,,,
66,2,2025-11-15_1800_ACT_vs_Wolves_R2_G1,ACT vs Wolves,ACT,Wolves,2,2,平局,2025,IVL秋季赛常规赛,2025-11-15,1800,ACT,Wolves,1,主,ACT,zz9,2,2,平,月亮河公园,唐人街,湖景村,,,,,,,,,,,,,机械师,幸运儿,,,,,,大副,气象学家,,,木偶师,,古董商,,教授,入殓师,杂货商,失常,移形,主,0,tian,气象学家,1.62,0,0,0,33,出门,jelly,入殓师,2.76,0,1,0,33,出门,487,古董商,0,0,0,0,80,淘汰,xmx,大副,1.87,0,1,0,36,淘汰,7,0,choai,小丑,,,,
66,3,2025-11-15_1800_ACT_vs_Wolves_R3_G2,ACT vs Wolves,Wolves,ACT,2,2,平局,2025,IVL秋季赛常规赛,2025-11-15,1800,ACT,Wolves,2,客,Wolves,yeyv,2,2,平,,圣心医院,军工厂,咒术师,大副,教授,,,,,,,小丑,,,冒险家,火灾调查员,,,时空之影,,,逃脱大师,古董商,,,幸运儿,,木偶师,,气象学家,哭泣小丑,杂货商,闪现,传送,客,0,eleven,逃脱大师,1.58,0,1,0,13,出门,gougou,木偶师,0,0,0,0,109,淘汰,xy,古董商,2.42,0,0,0,20,出门,xmiao5,哭泣小丑,1.12,0,2,0,66,淘汰,5,10,choai,小丑,,飞行家,,
66,4,2025-11-15_1800_ACT_vs_Wolves_R4_G2,ACT vs Wolves,ACT,Wolves,2,2,平局,2025,IVL秋季赛常规赛,2025-11-15,1800,ACT,Wolves,2,主,ACT,zz9,2,2,平,,圣心医院,军工厂,大副,气象学家,古董商,,,,,,,杂货商,,,先知,幸运儿,,,跛脚羊,,,空军,佣兵,,,火灾调查员,,杂技演员,,飞行家,拉拉队员,喧嚣,窥视者,传送,客,0,tian,杂技演员,0,0,0,0,102,淘汰,jelly,拉拉队员,2.59,0,1,0,42,淘汰,487,空军,1.47,0,2,0,49,出门,xmx,佣兵,1.47,0,1,0,52,出门,7,1,choai,小丑,,入殓师,,
66,5,2025-11-15_1800_ACT_vs_Wolves_R5_G3,ACT vs Wolves,Wolves,ACT,2,2,平局,2025,IVL秋季赛常规赛,2025-11-15,1800,ACT,Wolves,3,客,Wolves,choai,2,2,平,,永眠镇,唐人街,逃脱大师,古董商,木偶师,咒术师,大副,教授,,,,杂货商,小丑,,先知,火灾调查员,,,跛脚羊,歌剧演员,,佣兵,幸运儿,,,空军,,气象学家,,入殓师,拉拉队员,喧嚣,移形,未携带,主,0,eleven,佣兵,1.61,0,1,0,43,出门,gougou,拉拉队员,0,0,0,0,94,淘汰,xy,幸运儿,2.07,0,0,0,49,出门,xmiao5,气象学家,1.71,0,2,0,73,出门,6,39,choai,小丑,,哭泣小丑,飞行家,
66,6,2025-11-15_1800_ACT_vs_Wolves_R6_G3,ACT vs Wolves,ACT,Wolves,2,2,平局,2025,IVL秋季赛常规赛,2025-11-15,1800,ACT,Wolves,3,主,ACT,zz9,2,2,平,,永眠镇,唐人街,空军,佣兵,杂技演员,大副,气象学家,古董商,,,,喧嚣,杂货商,,先知,古董商,,,跛脚羊,歌剧演员,,守墓人,火灾调查员,,,飞行家,,勘探员,,心理学家,调酒师,时空之影,闪现,未携带,主,0,tian,火灾调查员,0,0,0,0,64,淘汰,jelly,调酒师,2.44,0,0,2,94,出门,487,勘探员,2.72,0,0,0,62,出门,xmx,守墓人,1.32,0,3,0,131,淘汰,9,19,choai,小丑,,拉拉队员,入殓师,
67,1,2025-11-16_1400_WBG_vs_GW_R1_G1,WBG vs GW,GW,WBG,2,2,平局,2025,IVL秋季赛常规赛,2025-11-16,1400,WBG,GW,1,客,GW,tzym,2,2,平,永眠镇,不归林,湖景村,,,,,,,,,,,,,先知,弓箭手,,,,,,大副,气象学家,,,木偶师,,古董商,,幸运儿,魔术师,跛脚羊,闪现,传送,主,0,koting,魔术师,1.72,0,1,0,88,出门,guoker,古董商,2.13,0,3,0,46,出门,huiyi,大副,1.73,0,1,1,87,淘汰,persica,气象学家,0,0,0,0,61,淘汰,8,13,n1e,跛脚羊,,,,
67,2,2025-11-16_1400_WBG_vs_GW_R2_G1,WBG vs GW,WBG,GW,5,0,监管胜,2025,IVL秋季赛常规赛,2025-11-16,1400,WBG,GW,1,主,WBG,n1e,5,0,屠,永眠镇,不归林,湖景村,,,,,,,,,,,,,先知,咒术师,,,,,,木偶师,飞行家,,,幸运儿,,大副,,古董商,魔术师,跛脚羊,闪现,传送,主,2,lancelot,魔术师,2.07,0,0,1,24,淘汰,leil,飞行家,0.04,0,0,0,52,淘汰,lion,大副,1.13,0,1,0,55,淘汰,unicorn,木偶师,1.98,0,1,0,41,淘汰,6,9,n1e,跛脚羊,,,,
67,3,2025-11-16_1400_WBG_vs_GW_R3_G2,WBG vs GW,WBG,GW,3,1,监管胜,2025,IVL秋季赛常规赛,2025-11-16,1400,WBG,GW,2,主,WBG,n1e,3,1,屠,,月亮河公园,唐人街,木偶师,飞行家,大副,,,,,,,跛脚羊,,,冒险家,逃脱大师,,,歌剧演员,,,火灾调查员,气象学家,,,先知,,杂技演员,,佣兵,守墓人,喧嚣,移形,未携带,客,0,lancelot,杂技演员,1.67,0,1,0,41,淘汰,leil,气象学家,1.99,0,1,1,23,出门,lion,守墓人,0,0,0,0,66,淘汰,unicorn,火灾调查员,1.75,0,0,0,52,淘汰,5,46,n1e,跛脚羊,,魔术师,,
67,4,2025-11-16_1400_WBG_vs_GW_R4_G2,WBG vs GW,GW,WBG,2,2,平局,2025,IVL秋季赛常规赛,2025-11-16,1400,WBG,GW,2,客,GW,tzym,2,2,平,,月亮河公园,唐人街,大副,气象学家,古董商,,,,,,,跛脚羊,,,先知,火灾调查员,,,歌剧演员,,,逃脱大师,幸运儿,,,飞行家,,杂技演员,,空军,记者,宿伞之魂,闪现,未携带,客,0,koting,记者,1.78,0,2,0,41,出门,guoker,杂技演员,1.2,0,1,1,60,淘汰,huiyi,逃脱大师,0,0,0,0,75,淘汰,persica,幸运儿,2.16,1,0,0,29,出门,5,53,n1e,跛脚羊,,魔术师,,
68,1,2025-11-16_1600_GG_vs_Wolves_R1_G1,GG vs Wolves,Wolves,GG,2,2,平局,2025,IVL秋季赛常规赛,2025-11-16,1600,GG,Wolves,1,客,Wolves,choai,2,2,平,唐人街,圣心医院,永眠镇,,,,,,,,,,,,,古董商,气象学家,,,,,,机械师,大副,,,幸运儿,,木偶师,,先知,弓箭手,跛脚羊,失常,传送,主,0,ppz,木偶师,1.78,0,2,0,48,出门,18,机械师,0.92,0,0,0,32,淘汰,kucao,大副,1.76,0,1,0,55,出门,bye,弓箭手,2.55,0,0,0,61,淘汰,6,26,xawm,跛脚羊,,,,
68,2,2025-11-16_1600_GG_vs_Wolves_R2_G1,GG vs Wolves,GG,Wolves,5,0,监管胜,2025,IVL秋季赛常规赛,2025-11-16,1600,GG,Wolves,1,主,GG,xawm,5,0,屠,唐人街,圣心医院,永眠镇,,,,,,,,,,,,,先知,古董商,,,,,,守墓人,机械师,,,咒术师,,弓箭手,,骑士,幸运儿,跛脚羊,窥视者,传送,主,0,tian,弓箭手,2.43,0,2,0,19,淘汰,jelly,机械师,0.76,0,0,0,53,淘汰,487,幸运儿,1.08,0,1,1,48,淘汰,xmx,守墓人,1.14,0,1,0,122,淘汰,7,46,xawm,跛脚羊,,,,
68,3,2025-11-16_1600_GG_vs_Wolves_R3_G2,GG vs Wolves,GG,Wolves,1,3,求生胜,2025,IVL秋季赛常规赛,2025-11-16,1600,GG,Wolves,2,主,GG,qiu,1,3,人,,里奥的回忆,军工厂,守墓人,机械师,弓箭手,,,,,,,跛脚羊,,,先知,冒险家,,,喧嚣,,,古董商,火灾调查员,,,气象学家,,大副,,杂技演员,木偶师,歌剧演员,闪现,未携带,客,0,tian,火灾调查员,0,1,0,0,131,出门,jelly,木偶师,2.04,0,1,1,22,出门,487,古董商,1.96,1,0,1,134,淘汰,xmx,大副,1.05,0,2,0,43,出门,5,49,xawm,跛脚羊,,幸运儿,,
68,4,2025-11-16_1600_GG_vs_Wolves_R4_G2,GG vs Wolves,Wolves,GG,1,3,求生胜,2025,IVL秋季赛常规赛,2025-11-16,1600,GG,Wolves,2,客,Wolves,yeyv,3,1,人,,里奥的回忆,军工厂,机械师,大副,木偶师,,,,,,,跛脚羊,,,冒险家,空军,,,歌剧演员,,,逃脱大师,飞行家,,,火灾调查员,,法罗女士,,幸运儿,邮差,26号守卫,移形,未携带,客,0,ppz,邮差,1.83,0,0,0,100,出门,18,飞行家,1.5,0,1,1,6,出门,kucao,逃脱大师,1.57,0,1,0,18,出门,ppxia,法罗女士,0.1,0,0,0,53,淘汰,6,0,xawm,跛脚羊,,弓箭手,,
68,5,2025-11-16_1600_GG_vs_Wolves_R5_G3,GG vs Wolves,Wolves,GG,2,2,平局,2025,IVL秋季赛常规赛,2025-11-16,1600,GG,Wolves,3,客,Wolves,choai,2,2,平,,圣心医院,红教堂,逃脱大师,飞行家,法罗女士,机械师,大副,木偶师,,,,26号守卫,跛脚羊,,先知,幸运儿,,,歌剧演员,喧嚣,,心理学家,守墓人,,,火灾调查员,,气象学家,,空军,古董商,时空之影,闪现,未携带,主,0,ppz,古董商,2.21,0,0,0,18,出门,18,心理学家,2.23,0,0,0,21,淘汰,kucao,守墓人,0.9,0,2,0,76,出门,ppxia,气象学家,0.27,0,0,0,96,淘汰,6,11,xawm,跛脚羊,,邮差,弓箭手,
68,6,2025-11-16_1600_GG_vs_Wolves_R6_G3,GG vs Wolves,GG,Wolves,2,2,平局,2025,IVL秋季赛常规赛,2025-11-16,1600,GG,Wolves,3,主,GG,xawm,2,2,平,,圣心医院,红教堂,古董商,火灾调查员,大副,守墓人,机械师,弓箭手,,,,歌剧演员,跛脚羊,,勘探员,拉拉队员,,,26号守卫,杂货商,,先知,空军,,,逃脱大师,,佣兵,,飞行家,囚徒,使徒,移形,未使用,主,0,tian,先知,1.47,0,0,0,62,淘汰,jelly,囚徒,1.77,0,0,0,22,出门,487,空军,0.36,0,0,0,38,淘汰,xmx,佣兵,1.41,0,2,0,15,出门,4,54,xawm,跛脚羊,,木偶师,幸运儿,
69,1,2025-11-16_1800_MRC_vs_TE_R1_G1,MRC vs TE,TE,MRC,2,2,平局,2025,IVL秋季赛常规赛,2025-11-16,1800,MRC,TE,1,客,TE,ppei,2,2,平,湖景村,里奥的回忆,永眠镇,,,,,,,,,,,,,先知,机械师,,,,,,木偶师,大副,,,古董商,,教授,,幸运儿,弓箭手,跛脚羊,闪现,传送,主,0,xiaox,大副,1.35,0,1,0,61,出门,huac,木偶师,2.24,0,1,1,25,出门,nanako,弓箭手,1.59,1,1,0,71,淘汰,xiaod,教授,0.09,0,0,0,80,淘汰,6,24,bailu,歌剧演员,,,,
69,2,2025-11-16_1800_MRC_vs_TE_R2_G1,MRC vs TE,MRC,TE,5,0,监管胜,2025,IVL秋季赛常规赛,2025-11-16,1800,MRC,TE,1,主,MRC,bailu,5,0,屠,湖景村,里奥的回忆,永眠镇,,,,,,,,,,,,,先知,机械师,,,,,,古董商,木偶师,,,幸运儿,,大副,,魔术师,飞行家,跛脚羊,兴奋,移形,主,0,drop,木偶师,1.68,0,1,0,23,淘汰,maom,古董商,0.01,0,0,0,100,淘汰,libao,大副,1.25,0,1,0,67,淘汰,lconfid,飞行家,2.06,0,0,0,23,淘汰,5,25,bailu,歌剧演员,,,,
69,3,2025-11-16_1800_MRC_vs_TE_R3_G2,MRC vs TE,TE,MRC,2,2,平局,2025,IVL秋季赛常规赛,2025-11-16,1800,MRC,TE,2,客,TE,ppei,2,2,平,,湖景村,月亮河公园,木偶师,大副,教授,,,,,,,跛脚羊,,,先知,古董商,,,歌剧演员,,,逃脱大师,火灾调查员,,,飞行家,,病患,,空军,气象学家,喧嚣,移形,传送,客,0,xiaox,逃脱大师,1.43,0,1,0,50,淘汰,huac,病患,2,0,0,0,12,出门,nanako,火灾调查员,1.82,0,1,0,31,出门,xiaod,气象学家,0,0,0,0,87,淘汰,4,27,bailu,歌剧演员,,弓箭手,,
69,4,2025-11-16_1800_MRC_vs_TE_R4_G2,MRC vs TE,MRC,TE,5,0,监管胜,2025,IVL秋季赛常规赛,2025-11-16,1800,MRC,TE,2,主,MRC,bailu,5,0,屠,,湖景村,月亮河公园,古董商,木偶师,大副,,,,,,,跛脚羊,,,逃脱大师,先知,,,喧嚣,,,气象学家,野人,,,空军,,小女孩,,病患,哭泣小丑,歌剧演员,闪现,传送,客,0,drop,小女孩,2.57,0,1,3,59,淘汰,maom,哭泣小丑,0,1,0,0,108,淘汰,libao,野人,1.68,0,3,1,243,淘汰,lconfid,气象学家,1.51,0,1,0,99,淘汰,11,51,bailu,歌剧演员,,飞行家,,
70,1,2025-11-21_1400_GW_vs_GR_R1_G1,GW vs GR,GW,GR,5,0,监管胜,2025,IVL秋季赛常规赛,2025-11-21,1400,GW,GR,1,主,GW,littlie,5,0,屠,里奥的回忆,永眠镇,不归林,,,,,,,,,,,,,机械师,先知,,,,,,幸运儿,木偶师,,,咒术师,,弓箭手,,大副,逃脱大师,跛脚羊,窥视者,传送,主,0,ac,木偶师,1.92,0,1,0,50,淘汰,heart,逃脱大师,1.4,0,2,0,35,淘汰,red,弓箭手,0,1,0,0,64,淘汰,ak,幸运儿,2.14,0,0,1,84,淘汰,6,31,jin,歌剧演员,,,,
70,2,2025-11-21_1400_GW_vs_GR_R2_G1,GW vs GR,GR,GW,5,0,监管胜,2025,IVL秋季赛常规赛,2025-11-21,1400,GW,GR,1,客,GR,jin,0,5,屠,里奥的回忆,永眠镇,不归林,,,,,,,,,,,,,大副,机械师,,,,,,木偶师,幸运儿,,,逃脱大师,,守墓人,,飞行家,咒术师,26号守卫,移形,未携带,主,1,future,木偶师,0,1,0,0,66,淘汰,leil,幸运儿,2.61,0,0,1,46,淘汰,lion,守墓人,1.24,0,1,0,63,淘汰,unicorn,咒术师,1.19,0,1,1,43,淘汰,7,0,jin,歌剧演员,,,,
70,3,2025-11-21_1400_GW_vs_GR_R3_G2,GW vs GR,GW,GR,2,2,平局,2025,IVL秋季赛常规赛,2025-11-21,1400,GW,GR,2,主,GW,tzym,2,2,平,,永眠镇,月亮河公园,幸运儿,木偶师,弓箭手,,,,,,,跛脚羊,,,先知,古董商,,,喧嚣,,,野人,气象学家,,,火灾调查员,,飞行家,,园丁,空军,歌剧演员,移形,传送,客,0,ac,气象学家,1.79,0,1,0,76,淘汰,heart,野人,2.21,0,1,0,49,出门,jiying,飞行家,1.72,0,0,1,41,出门,ak,空军,0,0,0,0,84,淘汰,5,43,jin,歌剧演员,,逃脱大师,,
70,4,2025-11-21_1400_GW_vs_GR_R4_G2,GW vs GR,GR,GW,5,0,监管胜,2025,IVL秋季赛常规赛,2025-11-21,1400,GW,GR,2,客,GR,jin,0,5,屠,,永眠镇,月亮河公园,木偶师,幸运儿,守墓人,,,,,,,26号守卫,,,先知,古董商,,,跛脚羊,,,佣兵,火灾调查员,,,弓箭手,,病患,,空军,飞行家,歌剧演员,闪现,传送,客,0,lancelot,佣兵,1.38,0,1,0,70,淘汰,leil,飞行家,1.78,1,0,0,63,淘汰,future,病患,2.2,0,1,1,15,淘汰,unicorn,火灾调查员,0.01,0,0,0,66,淘汰,7,7,jin,歌剧演员,,咒术师,,
70,5,2025-11-21_1400_GW_vs_GR_R5_G3,GW vs GR,GW,GR,1,3,求生胜,2025,IVL秋季赛常规赛,2025-11-21,1400,GW,GR,3,主,GW,tzym,1,3,人,,里奥的回忆,唐人街,野人,气象学家,飞行家,幸运儿,木偶师,弓箭手,,,,歌剧演员,跛脚羊,,先知,古董商,,,喧嚣,宿伞之魂,,火灾调查员,昆虫学者,,,佣兵,,守墓人,,小说家,邮差,噩梦,移形,未使用,主,0,ac,昆虫学者,0,0,0,0,163,出门,heart,守墓人,1.33,0,1,0,65,淘汰,red,邮差,1.77,0,0,0,41,出门,ak,火灾调查员,1.9,0,1,0,33,出门,5,35,jin,歌剧演员,,空军,逃脱大师,
70,6,2025-11-21_1400_GW_vs_GR_R6_G3,GW vs GR,GR,GW,2,2,平局,2025,IVL秋季赛常规赛,2025-11-21,1400,GW,GR,3,客,GR,jin,2,2,平,,里奥的回忆,唐人街,佣兵,火灾调查员,病患,木偶师,幸运儿,守墓人,,,,歌剧演员,26号守卫,,先知,前锋,,,跛脚羊,喧嚣,,古董商,昆虫学者,,,逃脱大师,,大副,,气象学家,拉拉队员,破轮,闪现,窥视者,主,0,lancelot,大副,1.74,0,1,0,27,出门,leil,昆虫学者,0,0,0,0,139,淘汰,future,拉拉队员,1.62,0,1,0,16,出门,unicorn,古董商,1.69,0,0,0,85,淘汰,5,6,jin,歌剧演员,,飞行家,咒术师,
71,1,2025-11-21_1600_ACT_vs_DOU5_R1_G1,ACT vs DOU5,DOU5,ACT,3,1,监管胜,2025,IVL秋季赛常规赛,2025-11-21,1600,ACT,DOU5,1,客,DOU5,mhxm,1,3,屠,永眠镇,湖景村,月亮河公园,,,,,,,,,,,,,先知,古董商,,,,,,园丁,大副,,,机械师,,木偶师,,幸运儿,气象学家,跛脚羊,窥视者,传送,主,0,eleven,大副,1.39,1,3,0,85,淘汰,gougou,木偶师,3,0,0,1,34,出门,xy,园丁,1.54,1,2,1,78,淘汰,xmiao5,气象学家,0,0,0,0,55,淘汰,7,22,chen,病患,,,,
71,2,2025-11-21_1600_ACT_vs_DOU5_R2_G1,ACT vs DOU5,ACT,DOU5,2,2,平局,2025,IVL秋季赛常规赛,2025-11-21,1600,ACT,DOU5,1,主,ACT,zz9,2,2,平,永眠镇,湖景村,月亮河公园,,,,,,,,,,,,,机械师,大副,,,,,,守墓人,先知,,,古董商,,飞行家,,木偶师,园丁,歌剧演员,闪现,传送,主,0,czai,园丁,1.62,0,1,0,62,淘汰,chen,飞行家,1.64,0,1,0,46,出门,楠,守墓人,0,1,0,0,77,淘汰,silverzhi,先知,2,0,0,0,0,出门,4,59,chen,病患,,,,
71,3,2025-11-21_1600_ACT_vs_DOU5_R3_G2,ACT vs DOU5,DOU5,ACT,2,2,平局,2025,IVL秋季赛常规赛,2025-11-21,1600,ACT,DOU5,2,客,DOU5,ssa,2,2,平,,湖景村,唐人街,园丁,大副,木偶师,,,,,,,跛脚羊,,,先知,幸运儿,,,杂货商,,,佣兵,古董商,,,火灾调查员,,冒险家,,飞行家,病患,蜡像师,移形,未使用,客,0,eleven,佣兵,1.01,0,1,0,44,出门,gougou,冒险家,1.94,0,1,0,43,淘汰,xy,古董商,1.73,0,1,1,35,出门,xmiao5,病患,0.33,0,0,0,128,淘汰,6,27,chen,病患,,气象学家,,
71,4,2025-11-21_1600_ACT_vs_DOU5_R4_G2,ACT vs DOU5,ACT,DOU5,1,3,求生胜,2025,IVL秋季赛常规赛,2025-11-21,1600,ACT,DOU5,2,主,ACT,zz9,1,3,人,,湖景村,唐人街,守墓人,先知,飞行家,,,,,,,歌剧演员,,,逃脱大师,火灾调查员,,,跛脚羊,,,大副,病患,,,幸运儿,,气象学家,,空军,入殓师,小丑,闪现,传送,客,0,czai,气象学家,1.78,0,0,1,42,出门,chen,病患,0.6,0,1,0,91,淘汰,楠,大副,1.12,0,2,0,54,出门,silverzhi,入殓师,2.39,0,1,0,13,出门,5,35,chen,病患,,园丁,,
72,1,2025-11-21_1800_MRC_vs_Wolves_R1_G1,MRC vs Wolves,Wolves,MRC,2,2,平局,2025,IVL秋季赛常规赛,2025-11-21,1800,MRC,Wolves,1,客,Wolves,choai,2,2,平,湖景村,不归林,永眠镇,,,,,,,,,,,,,先知,古董商,,,,,,机械师,咒术师,,,守墓人,,大副,,木偶师,飞行家,跛脚羊,失常,传送,主,0,xiaox,大副,1.51,0,2,0,91,淘汰,huac,飞行家,2.59,0,1,0,12,出门,nanako,咒术师,1.72,0,2,0,67,出门,xiaod,机械师,1,0,0,0,52,淘汰,5,46,xmx,逃脱大师,,,,
72,2,2025-11-21_1800_MRC_vs_Wolves_R2_G1,MRC vs Wolves,MRC,Wolves,2,2,平局,2025,IVL秋季赛常规赛,2025-11-21,1800,MRC,Wolves,1,主,MRC,bailu,2,2,平,湖景村,不归林,永眠镇,,,,,,,,,,,,,先知,古董商,,,,,,机械师,弓箭手,,,守墓人,,大副,,幸运儿,魔术师,跛脚羊,窥视者,移形,主,0,tian,弓箭手,0.03,0,0,0,129,淘汰,jelly,机械师,2.54,0,0,0,4,淘汰,487,魔术师,1.46,0,1,0,27,出门,xmx,大副,1,0,1,0,67,出门,4,19,xmx,逃脱大师,,,,
72,3,2025-11-21_1800_MRC_vs_Wolves_R3_G2,MRC vs Wolves,Wolves,MRC,3,1,监管胜,2025,IVL秋季赛常规赛,2025-11-21,1800,MRC,Wolves,2,客,Wolves,choai,1,3,屠,,唐人街,湖景村,机械师,咒术师,大副,,,,,,,跛脚羊,,,古董商,逃脱大师,,,歌剧演员,,,火灾调查员,气象学家,,,佣兵,,守墓人,,空军,病患,喧嚣,移形,未携带,客,0,xiaox,守墓人,0,0,0,0,78,淘汰,huac,病患,1.42,0,1,0,36,淘汰,nanako,火灾调查员,2,0,1,0,15,出门,xiaod,气象学家,1.82,0,1,0,73,淘汰,5,39,xmx,逃脱大师,,飞行家,,
72,4,2025-11-21_1800_MRC_vs_Wolves_R4_G2,MRC vs Wolves,MRC,Wolves,1,3,求生胜,2025,IVL秋季赛常规赛,2025-11-21,1800,MRC,Wolves,2,主,MRC,bailu,1,3,人,,唐人街,湖景村,机械师,弓箭手,大副,,,,,,,跛脚羊,,,先知,古董商,,,歌剧演员,,,逃脱大师,飞行家,,,气象学家,,幸运儿,,空军,杂技演员,喧嚣,移形,传送,客,0,tian,杂技演员,2,0,0,0,37,出门,jelly,飞行家,2.43,0,1,0,0,出门,487,幸运儿,0.25,0,1,0,92,出门,xmx,逃脱大师,0.76,0,1,0,91,淘汰,5,17,xmx,逃脱大师,,魔术师,,
72,5,2025-11-21_1800_MRC_vs_Wolves_R5_G3,MRC vs Wolves,Wolves,MRC,2,2,平局,2025,IVL秋季赛常规赛,2025-11-21,1800,MRC,Wolves,3,客,Wolves,choai,2,2,平,,里奥的回忆,月亮河公园,火灾调查员,气象学家,守墓人,机械师,咒术师,大副,,,,喧嚣,跛脚羊,,幸运儿,小说家,,,歌剧演员,杂货商,,逃脱大师,古董商,,,先知,,小女孩,,杂技演员,入殓师,鹿头,闪现,传送,主,0,xiaox,逃脱大师,0,0,0,0,95,淘汰,huac,入殓师,1.28,0,4,0,83,淘汰,nanako,古董商,1.6,0,1,0,68,出门,xiaod,小女孩,2.73,0,1,0,29,出门,7,10,xmx,逃脱大师,,病患,飞行家,
72,6,2025-11-21_1800_MRC_vs_Wolves_R6_G3,MRC vs Wolves,MRC,Wolves,1,3,求生胜,2025,IVL秋季赛常规赛,2025-11-21,1800,MRC,Wolves,3,主,MRC,bailu,1,3,人,,里奥的回忆,月亮河公园,逃脱大师,飞行家,幸运儿,机械师,弓箭手,大副,,,,喧嚣,跛脚羊,,小说家,入殓师,,,时空之影,歌剧演员,,先知,气象学家,,,空军,,佣兵,,骑士,病患,26号守卫,移形,传送,主,0,tian,气象学家,2,0,0,0,46,出门,jelly,病患,2.18,0,1,0,28,出门,487,先知,0,0,0,0,67,淘汰,xmx,佣兵,1.19,0,0,0,67,出门,5,4,xmx,逃脱大师,,杂技演员,魔术师,
73,1,2025-11-22_1400_WBG_vs_ACT_R1_G1,WBG vs ACT,ACT,WBG,5,0,监管胜,2025,IVL秋季赛常规赛,2025-11-22,1400,WBG,ACT,1,客,ACT,zz9,0,5,屠,湖景村,永眠镇,不归林,,,,,,,,,,,,,先知,大副,,,,,,飞行家,守墓人,,,木偶师,,魔术师,,弓箭手,咒术师,喧嚣,移形,未携带,主,0,koting,飞行家,2.83,0,1,0,52,淘汰,guoker,魔术师,1.22,0,3,3,81,淘汰,huiyi,守墓人,1.43,1,1,0,82,淘汰,persica,咒术师,0,0,0,0,97,淘汰,7,55,n1e,26号守卫,,,,
73,2,2025-11-22_1400_WBG_vs_ACT_R2_G1,WBG vs ACT,WBG,ACT,1,3,求生胜,2025,IVL秋季赛常规赛,2025-11-22,1400,WBG,ACT,1,主,WBG,n1e,1,3,人,湖景村,永眠镇,不归林,,,,,,,,,,,,,机械师,咒术师,,,,,,大副,幸运儿,,,先知,,古董商,,木偶师,气象学家,跛脚羊,失常,闪现,主,0,eleven,大副,1.14,0,1,0,85,淘汰,gougou,幸运儿,2,0,0,0,23,出门,xy,古董商,2.23,0,3,1,35,出门,xmiao5,气象学家,0.49,0,1,0,99,出门,5,58,n1e,26号守卫,,,,
73,3,2025-11-22_1400_WBG_vs_ACT_R3_G2,WBG vs ACT,WBG,ACT,3,1,监管胜,2025,IVL秋季赛常规赛,2025-11-22,1400,WBG,ACT,2,主,WBG,n1e,3,1,屠,,唐人街,月亮河公园,大副,幸运儿,古董商,,,,,,,跛脚羊,,,先知,逃脱大师,,,喧嚣,,,火灾调查员,空军,,,野人,,佣兵,,飞行家,病患,歌剧演员,闪现,传送,客,0,eleven,佣兵,0.99,0,1,0,77,淘汰,gougou,火灾调查员,1.32,1,1,1,59,淘汰,xy,空军,0,0,0,0,74,淘汰,xmiao5,病患,2.97,0,1,0,26,出门,6,43,n1e,26号守卫,,气象学家,,
73,4,2025-11-22_1400_WBG_vs_ACT_R4_G2,WBG vs ACT,ACT,WBG,2,2,平局,2025,IVL秋季赛常规赛,2025-11-22,1400,WBG,ACT,2,客,ACT,zz9,2,2,平,,唐人街,月亮河公园,飞行家,守墓人,魔术师,,,,,,,喧嚣,,,先知,古董商,,,跛脚羊,,,佣兵,气象学家,,,火灾调查员,,哭泣小丑,,入殓师,小女孩,歌剧演员,闪现,传送,客,0,koting,小女孩,1.39,0,1,1,81,淘汰,guoker,哭泣小丑,0,0,0,0,66,淘汰,huiyi,佣兵,1.15,0,2,0,42,出门,persica,气象学家,2.85,0,0,0,32,出门,6,16,n1e,26号守卫,,咒术师,,
73,5,2025-11-22_1400_WBG_vs_ACT_R5_G3,WBG vs ACT,ACT,WBG,2,2,平局,2025,IVL秋季赛常规赛,2025-11-22,1400,WBG,ACT,3,客,ACT,zz9,2,2,平,,军工厂,红教堂,佣兵,气象学家,哭泣小丑,飞行家,守墓人,魔术师,,,,歌剧演员,喧嚣,,先知,幸运儿,,,跛脚羊,杂货商,,古董商,拉拉队员,,,机械师,,大副,,火灾调查员,心理学家,时空之影,闪现,未携带,主,0,koting,拉拉队员,2.14,0,0,0,87,淘汰,guoker,古董商,0.1,0,0,0,85,淘汰,huiyi,大副,1.84,0,2,0,45,出门,persica,心理学家,2.19,0,2,0,57,出门,6,52,n1e,26号守卫,,小女孩,咒术师,
73,6,2025-11-22_1400_WBG_vs_ACT_R6_G3,WBG vs ACT,WBG,ACT,3,1,监管胜,2025,IVL秋季赛常规赛,2025-11-22,1400,WBG,ACT,3,主,WBG,n1e,3,1,屠,,军工厂,红教堂,火灾调查员,空军,佣兵,大副,幸运儿,古董商,,,,歌剧演员,跛脚羊,,先知,哭泣小丑,,,喧嚣,时空之影,,逃脱大师,机械师,,,囚徒,,飞行家,,入殓师,记者,26号守卫,移形,未携带,主,0,eleven,逃脱大师,0.47,0,1,0,97,淘汰,gougou,记者,0,0,0,0,59,淘汰,xy,机械师,2,0,1,1,70,淘汰,xmiao5,飞行家,2.59,0,1,0,15,出门,6,52,n1e,26号守卫,,病患,气象学家,
74,1,2025-11-22_1600_TE_vs_GW_R1_G1,TE vs GW,GW,TE,3,1,监管胜,2025,IVL秋季赛常规赛,2025-11-22,1600,TE,GW,1,客,GW,littlie,1,3,屠,月亮河公园,永眠镇,不归林,,,,,,,,,,,,,先知,机械师,,,,,,幸运儿,古董商,,,木偶师,,飞行家,,大副,守墓人,跛脚羊,兴奋,传送,主,0,drop,幸运儿,1.63,0,0,1,40,淘汰,maom,古董商,0.13,0,0,0,81,淘汰,libao,守墓人,1.18,0,2,1,99,淘汰,lconfid,飞行家,2.06,0,1,0,13,出门,6,4,ppei,跛脚羊,,,,
74,2,2025-11-22_1600_TE_vs_GW_R2_G1,TE vs GW,TE,GW,5,0,监管胜,2025,IVL秋季赛常规赛,2025-11-22,1600,TE,GW,1,主,TE,ppei,5,0,屠,月亮河公园,永眠镇,不归林,,,,,,,,,,,,,古董商,机械师,,,,,,木偶师,幸运儿,,,先知,,咒术师,,守墓人,大副,跛脚羊,窥视者,闪现,主,0,lancelot,大副,1.63,0,1,0,29,淘汰,leil,幸运儿,0.07,0,0,0,72,淘汰,future,木偶师,1.69,0,1,0,49,淘汰,unicorn,咒术师,2.21,0,0,0,30,淘汰,6,52,ppei,跛脚羊,,,,
74,3,2025-11-22_1600_TE_vs_GW_R3_G2,TE vs GW,TE,GW,2,2,平局,2025,IVL秋季赛常规赛,2025-11-22,1600,TE,GW,2,主,TE,suda,2,2,平,,永眠镇,月亮河公园,木偶师,幸运儿,咒术师,,,,,,,跛脚羊,,,先知,逃脱大师,,,喧嚣,,,古董商,火灾调查员,,,佣兵,,野人,,飞行家,病患,时空之影,闪现,未携带,客,0,lancelot,野人,1.16,0,1,0,22,出门,leil,火灾调查员,1.75,0,0,0,20,淘汰,future,病患,2.09,0,0,0,0,出门,unicorn,古董商,0,0,0,0,118,淘汰,4,19,ppei,跛脚羊,,大副,,
74,4,2025-11-22_1600_TE_vs_GW_R4_G2,TE vs GW,GW,TE,2,2,平局,2025,IVL秋季赛常规赛,2025-11-22,1600,TE,GW,2,客,GW,tzym,2,2,平,,永眠镇,月亮河公园,幸运儿,古董商,飞行家,,,,,,,跛脚羊,,,先知,野人,,,歌剧演员,,,气象学家,火灾调查员,,,空军,,病患,,逃脱大师,佣兵,喧嚣,移形,未携带,客,0,drop,气象学家,2.29,0,0,1,47,淘汰,maom,火灾调查员,2.07,0,1,0,25,出门,libao,佣兵,1.43,0,1,0,47,出门,lconfid,病患,0,1,0,0,113,淘汰,5,28,ppei,跛脚羊,,守墓人,,
74,5,2025-11-22_1600_TE_vs_GW_R5_G3,TE vs GW,GW,TE,2,2,平局,2025,IVL秋季赛常规赛,2025-11-22,1600,TE,GW,3,客,GW,tzym,2,2,平,,军工厂,湖景村,气象学家,火灾调查员,病患,幸运儿,古董商,飞行家,,,,喧嚣,跛脚羊,,小说家,哭泣小丑,,,歌剧演员,宿伞之魂,,空军,逃脱大师,,,先知,,机械师,,杂技演员,心理学家,守夜人,移形,传送,主,0,drop,机械师,0,1,0,0,111,淘汰,maom,空军,1.75,1,1,0,76,淘汰,libao,逃脱大师,1.25,0,1,0,26,出门,lconfid,心理学家,2,0,0,0,0,出门,5,6,ppei,跛脚羊,,佣兵,守墓人,
74,6,2025-11-22_1600_TE_vs_GW_R6_G3,TE vs GW,TE,GW,3,1,监管胜,2025,IVL秋季赛常规赛,2025-11-22,1600,TE,GW,3,主,TE,ppei,3,1,屠,,军工厂,湖景村,古董商,火灾调查员,野人,木偶师,幸运儿,咒术师,,,,时空之影,跛脚羊,,逃脱大师,守墓人,,,喧嚣,歌剧演员,,佣兵,小说家,,,飞行家,,气象学家,,机械师,拉拉队员,蜡像师,移形,传送,主,0,lancelot,佣兵,2.48,0,1,0,40,出门,leil,拉拉队员,1.55,0,2,1,66,淘汰,future,气象学家,0.69,0,0,0,80,淘汰,unicorn,小说家,1.14,1,1,1,134,淘汰,7,43,ppei,跛脚羊,,病患,大副,
75,1,2025-11-22_1800_FPX.ZQ_vs_Wolves_R1_G1,FPX.ZQ vs Wolves,Wolves,FPX.ZQ,3,1,监管胜,2025,IVL秋季赛常规赛,2025-11-22,1800,FPX.ZQ,Wolves,1,客,Wolves,choai,1,3,屠,里奥的回忆,不归林,湖景村,,,,,,,,,,,,,先知,古董商,,,,,,幸运儿,弓箭手,,,守墓人,,魔术师,,大副,逃脱大师,跛脚羊,窥视者,传送,主,0,stian,弓箭手,2.02,0,0,0,38,出门,long,魔术师,1.72,1,1,1,77,淘汰,lin,幸运儿,1.27,0,3,0,49,淘汰,yihua,逃脱大师,0,0,0,0,74,淘汰,7,32,choai,破轮,,,,
75,2,2025-11-22_1800_FPX.ZQ_vs_Wolves_R2_G1,FPX.ZQ vs Wolves,FPX.ZQ,Wolves,2,2,平局,2025,IVL秋季赛常规赛,2025-11-22,1800,FPX.ZQ,Wolves,1,主,FPX.ZQ,dongx,2,2,平,里奥的回忆,不归林,湖景村,,,,,,,,,,,,,先知,守墓人,,,,,,古董商,教授,,,大副,,逃脱大师,,木偶师,骑士,时空之影,闪现,未携带,主,0,tian,教授,0,0,0,0,132,淘汰,jelly,骑士,1.01,0,0,0,51,淘汰,487,古董商,2,0,1,0,31,出门,xmx,逃脱大师,1.99,0,1,0,19,出门,5,51,choai,破轮,,,,
75,3,2025-11-22_1800_FPX.ZQ_vs_Wolves_R3_G2,FPX.ZQ vs Wolves,FPX.ZQ,Wolves,2,2,平局,2025,IVL秋季赛常规赛,2025-11-22,1800,FPX.ZQ,Wolves,2,主,FPX.ZQ,dongx,2,2,平,,唐人街,军工厂,古董商,教授,逃脱大师,,,,,,,时空之影,,,先知,幸运儿,,,跛脚羊,,,小说家,杂技演员,,,火灾调查员,,佣兵,,空军,飞行家,杂货商,移形,传送,客,0,tian,杂技演员,2.17,0,1,0,33,淘汰,jelly,飞行家,2.33,0,0,1,27,出门,487,小说家,0,0,0,0,91,淘汰,xmx,佣兵,1.4,0,1,0,45,出门,6,13,choai,破轮,,骑士,,
75,4,2025-11-22_1800_FPX.ZQ_vs_Wolves_R4_G2,FPX.ZQ vs Wolves,Wolves,FPX.ZQ,2,2,平局,2025,IVL秋季赛常规赛,2025-11-22,1800,FPX.ZQ,Wolves,2,客,Wolves,choai,2,2,平,,唐人街,军工厂,幸运儿,弓箭手,魔术师,,,,,,,跛脚羊,,,先知,大副,,,喧嚣,,,飞行家,古董商,,,火灾调查员,,佣兵,,空军,教授,歌剧演员,闪现,传送,客,0,stian,古董商,0.34,0,0,0,82,淘汰,long,飞行家,1.27,0,1,0,27,出门,lin,教授,2,0,0,0,32,淘汰,yihua,佣兵,1.39,0,1,0,45,出门,4,58,choai,破轮,,逃脱大师,,
75,5,2025-11-22_1800_FPX.ZQ_vs_Wolves_R5_G3,FPX.ZQ vs Wolves,Wolves,FPX.ZQ,5,0,监管胜,2025,IVL秋季赛常规赛,2025-11-22,1800,FPX.ZQ,Wolves,3,客,Wolves,choai,0,5,屠,,月亮河公园,唐人街,飞行家,古董商,佣兵,幸运儿,弓箭手,魔术师,,,,歌剧演员,跛脚羊,,小说家,火灾调查员,,,喧嚣,小丑,,气象学家,大副,,,空军,,祭司,,先知,病患,破轮,闪现,未携带,主,0,stian,祭司,0.65,0,4,0,40,淘汰,long,气象学家,2.18,0,1,0,46,淘汰,lin,病患,2.63,0,0,1,20,淘汰,yihua,大副,0,0,0,0,108,淘汰,6,46,choai,破轮,,教授,逃脱大师,
75,6,2025-11-22_1800_FPX.ZQ_vs_Wolves_R6_G3,FPX.ZQ vs Wolves,FPX.ZQ,Wolves,2,2,平局,2025,IVL秋季赛常规赛,2025-11-22,1800,FPX.ZQ,Wolves,3,主,FPX.ZQ,dongx,2,2,平,,月亮河公园,唐人街,小说家,杂技演员,佣兵,古董商,教授,逃脱大师,,,,杂货商,时空之影,,先知,幸运儿,,,跛脚羊,歌剧演员,,守墓人,弓箭手,,,火灾调查员,,病患,,入殓师,祭司,记录员,移形,未携带,主,0,tian,弓箭手,2.19,0,0,0,68,出门,jelly,病患,1.29,0,1,0,142,淘汰,487,祭司,0.26,0,0,0,57,淘汰,xmx,守墓人,1.43,0,1,1,40,出门,6,43,choai,破轮,,飞行家,骑士,
76,1,2025-11-23_1400_GR_vs_TE_R1_G1,GR vs TE,TE,GR,3,1,监管胜,2025,IVL秋季赛常规赛,2025-11-23,1400,GR,TE,1,客,TE,ppei,1,3,屠,军工厂,湖景村,红教堂,,,,,,,,,,,,,先知,古董商,,,,,,大副,机械师,,,木偶师,,弓箭手,,幸运儿,魔术师,歌剧演员,失常,传送,主,0,ac,魔术师,2,0,1,1,51,淘汰,heart,大副,1.59,0,3,3,79,出门,red,弓箭手,2.09,1,1,0,110,淘汰,ak,机械师,1,0,0,0,77,淘汰,8,13,jin,26号守卫,,,,
76,2,2025-11-23_1400_GR_vs_TE_R2_G1,GR vs TE,GR,TE,5,0,监管胜,2025,IVL秋季赛常规赛,2025-11-23,1400,GR,TE,1,主,GR,jin,5,0,屠,军工厂,湖景村,红教堂,,,,,,,,,,,,,古董商,机械师,,,,,,先知,咒术师,,,逃脱大师,,大副,,幸运儿,飞行家,26号守卫,移形,未携带,主,1,drop,咒术师,2.07,0,1,1,24,淘汰,maom,先知,2.23,0,1,0,47,淘汰,libao,大副,0.73,0,1,0,111,淘汰,lconfid,飞行家,0.02,0,0,0,55,淘汰,6,6,jin,26号守卫,,,,
76,3,2025-11-23_1400_GR_vs_TE_R3_G2,GR vs TE,TE,GR,1,3,求生胜,2025,IVL秋季赛常规赛,2025-11-23,1400,GR,TE,2,客,TE,suda,3,1,人,,永眠镇,圣心医院,大副,机械师,弓箭手,,,,,,,歌剧演员,,,先知,幸运儿,,,跛脚羊,,,佣兵,气象学家,,,火灾调查员,,囚徒,,空军,杂技演员,记录员,闪现,传送,客,0,ac,气象学家,2,0,1,0,75,淘汰,heart,佣兵,1.6,0,1,0,36,出门,red,杂技演员,2.09,0,0,0,7,出门,ak,囚徒,0,1,0,0,200,出门,6,12,jin,26号守卫,,魔术师,,
76,4,2025-11-23_1400_GR_vs_TE_R4_G2,GR vs TE,GR,TE,3,1,监管胜,2025,IVL秋季赛常规赛,2025-11-23,1400,GR,TE,2,主,GR,jin,3,1,屠,,永眠镇,圣心医院,先知,咒术师,大副,,,,,,,26号守卫,,,冒险家,古董商,,,跛脚羊,,,逃脱大师,幸运儿,,,机械师,,空军,,气象学家,杂技演员,喧嚣,移形,未携带,客,0,drop,幸运儿,1.85,0,1,1,45,淘汰,maom,空军,0,0,0,0,78,淘汰,libao,逃脱大师,1.63,0,2,0,38,淘汰,lconfid,杂技演员,2.06,0,0,0,47,出门,6,43,jin,26号守卫,,飞行家,,
77,1,2025-11-23_1600_MRC_vs_GG_R1_G1,MRC vs GG,GG,MRC,2,2,平局,2025,IVL秋季赛常规赛,2025-11-23,1600,MRC,GG,1,客,GG,xawm,2,2,平,里奥的回忆,不归林,湖景村,,,,,,,,,,,,,先知,冒险家,,,,,,大副,古董商,,,机械师,,幸运儿,,木偶师,飞行家,跛脚羊,窥视者,传送,主,0,xiaox,幸运儿,2.05,0,0,0,31,淘汰,huac,飞行家,0.17,2,0,0,92,淘汰,nanako,古董商,1.41,0,2,0,99,出门,xiaod,幸运儿,2.05,0,0,0,31,淘汰,5,38,bailu,杂货商,,,,
77,2,2025-11-23_1600_MRC_vs_GG_R2_G1,MRC vs GG,MRC,GG,2,2,平局,2025,IVL秋季赛常规赛,2025-11-23,1600,MRC,GG,1,主,MRC,bailu,2,2,平,里奥的回忆,不归林,湖景村,,,,,,,,,,,,,先知,古董商,,,,,,冒险家,大副,,,幸运儿,,气象学家,,木偶师,咒术师,歌剧演员,闪现,传送,主,0,ppz,咒术师,0,0,0,0,91,淘汰,18,冒险家,1.42,0,1,1,24,出门,kucao,大副,2,0,1,0,46,出门,bye,气象学家,2,0,0,0,39,淘汰,6,1,bailu,杂货商,,,,
77,3,2025-11-23_1600_MRC_vs_GG_R3_G2,MRC vs GG,GG,MRC,2,2,平局,2025,IVL秋季赛常规赛,2025-11-23,1600,MRC,GG,2,客,GG,xawm,2,2,平,,唐人街,红教堂,大副,古董商,幸运儿,,,,,,,跛脚羊,,,先知,逃脱大师,,,歌剧演员,,,火灾调查员,病患,,,气象学家,,佣兵,,机械师,入殓师,杂货商,移形,未使用,客,0,xiaox,佣兵,1.84,0,1,0,21,出门,huac,病患,2.2,0,1,1,80,淘汰,nanako,火灾调查员,1.54,0,0,0,63,出门,xiaod,入殓师,0.46,0,1,0,47,淘汰,6,30,bailu,杂货商,,飞行家,,
77,4,2025-11-23_1600_MRC_vs_GG_R4_G2,MRC vs GG,MRC,GG,2,2,平局,2025,IVL秋季赛常规赛,2025-11-23,1600,MRC,GG,2,主,MRC,bailu,2,2,平,,唐人街,红教堂,冒险家,大副,气象学家,,,,,,,歌剧演员,,,先知,逃脱大师,,,跛脚羊,,,佣兵,飞行家,,,幸运儿,,火灾调查员,,古董商,弓箭手,喧嚣,移形,未携带,客,0,ppz,火灾调查员,0.01,0,0,0,101,淘汰,18,飞行家,2.2,0,1,0,35,淘汰,kucao,佣兵,1.52,0,1,0,10,出门,bye,弓箭手,1.48,0,2,0,51,出门,4,40,bailu,杂货商,,咒术师,,
77,5,2025-11-23_1600_MRC_vs_GG_R5_G3,MRC vs GG,GG,MRC,1,3,求生胜,2025,IVL秋季赛常规赛,2025-11-23,1600,MRC,GG,3,客,GG,xawm,3,1,人,,里奥的回忆,圣心医院,火灾调查员,病患,佣兵,大副,古董商,幸运儿,,,,杂货商,跛脚羊,,先知,气象学家,,,26号守卫,歌剧演员,,逃脱大师,空军,,,冒险家,,囚徒,,机械师,杂技演员,使徒,移形,未使用,主,0,xiaox,逃脱大师,1.92,1,1,0,29,出门,huac,杂技演员,1.02,0,1,0,45,出门,nanako,囚徒,2.15,0,0,0,36,出门,xiaod,空军,0,0,0,0,117,淘汰,5,6,bailu,杂货商,,入殓师,飞行家,
77,6,2025-11-23_1600_MRC_vs_GG_R6_G3,MRC vs GG,MRC,GG,5,0,监管胜,2025,IVL秋季赛常规赛,2025-11-23,1600,MRC,GG,3,主,MRC,bailu,5,0,屠,,里奥的回忆,圣心医院,佣兵,飞行家,火灾调查员,冒险家,大副,气象学家,,,,喧嚣,歌剧演员,,先知,逃脱大师,,,跛脚羊,时空之影,,邮差,小说家,,,幸运儿,,杂技演员,,前锋,心理学家,杂货商,移形,传送,主,1,ppz,小说家,0.03,1,0,0,62,淘汰,18,邮差,1.41,0,1,0,80,淘汰,kucao,杂技演员,1.2,0,1,1,49,淘汰,ppxia,心理学家,2.99,0,0,0,50,淘汰,6,33,bailu,杂货商,,弓箭手,咒术师,
78,1,2025-11-23_1800_FPX.ZQ_vs_DOU5_R1_G1,FPX.ZQ vs DOU5,DOU5,FPX.ZQ,5,0,监管胜,2025,IVL秋季赛常规赛,2025-11-23,1800,FPX.ZQ,DOU5,1,客,DOU5,ssa,0,5,屠,红教堂,不归林,湖景村,,,,,,,,,,,,,机械师,幸运儿,,,,,,古董商,冒险家,,,气象学家,,大副,,飞行家,木偶师,杂货商,移形,传送,主,1,stian,古董商,2.01,0,1,1,70,淘汰,yuan,冒险家,0,0,0,0,40,淘汰,long,木偶师,1.51,0,0,0,60,淘汰,yihua,大副,1.36,0,2,0,66,淘汰,7,57,ssa,杂货商,,,,
78,2,2025-11-23_1800_FPX.ZQ_vs_DOU5_R2_G1,FPX.ZQ vs DOU5,FPX.ZQ,DOU5,2,2,平局,2025,IVL秋季赛常规赛,2025-11-23,1800,FPX.ZQ,DOU5,1,主,FPX.ZQ,dongx,2,2,平,红教堂,不归林,湖景村,,,,,,,,,,,,,先知,古董商,,,,,,守墓人,幸运儿,,,飞行家,,气象学家,,教授,木偶师,梦之女巫,巡视者,闪现,主,0,czai,气象学家,0.28,0,0,0,84,出门,chen,木偶师,1.24,0,2,0,73,淘汰,楠,守墓人,0.85,0,1,0,45,出门,silverzhi,幸运儿,3,0,0,0,29,出门,6,34,ssa,杂货商,,,,
78,3,2025-11-23_1800_FPX.ZQ_vs_DOU5_R3_G2,FPX.ZQ vs DOU5,FPX.ZQ,DOU5,2,2,平局,2025,IVL秋季赛常规赛,2025-11-23,1800,FPX.ZQ,DOU5,2,主,FPX.ZQ,dongx,2,2,平,,唐人街,永眠镇,守墓人,幸运儿,气象学家,,,,,,,梦之女巫,,,先知,古董商,,,跛脚羊,,,大副,飞行家,,,火灾调查员,,拉拉队员,,空军,作曲家,喧嚣,移形,未携带,客,0,czai,拉拉队员,1.7,0,2,0,74,出门,chen,飞行家,2.99,0,1,1,51,出门,楠,大副,1.25,0,1,0,101,淘汰,silverzhi,作曲家,0,0,0,0,112,淘汰,8,12,ssa,杂货商,,木偶师,,
78,4,2025-11-23_1800_FPX.ZQ_vs_DOU5_R4_G2,FPX.ZQ vs DOU5,DOU5,FPX.ZQ,2,2,平局,2025,IVL秋季赛常规赛,2025-11-23,1800,FPX.ZQ,DOU5,2,客,DOU5,ssa,2,2,平,,唐人街,永眠镇,古董商,冒险家,大副,,,,,,,杂货商,,,先知,幸运儿,,,跛脚羊,,,空军,飞行家,,,火灾调查员,,哭泣小丑,,拉拉队员,守墓人,蜡像师,移形,传送,客,0,stian,哭泣小丑,1.9,0,1,0,36,出门,yuan,空军,1.49,0,1,0,73,淘汰,long,飞行家,0,0,0,0,86,淘汰,yihua,守墓人,1.93,0,2,2,99,出门,8,12,ssa,杂货商,,木偶师,,
78,5,2025-11-23_1800_FPX.ZQ_vs_DOU5_R5_G3,FPX.ZQ vs DOU5,DOU5,FPX.ZQ,1,3,求生胜,2025,IVL秋季赛常规赛,2025-11-23,1800,FPX.ZQ,DOU5,3,客,DOU5,yan,3,1,人,,红教堂,圣心医院,空军,飞行家,哭泣小丑,古董商,冒险家,大副,,,,蜡像师,杂货商,,先知,小说家,,,跛脚羊,时空之影,,幸运儿,佣兵,,,火灾调查员,,杂技演员,,弓箭手,囚徒,使徒,移形,闪现,主,0,stian,囚徒,0.04,0,0,0,108,淘汰,yuan,幸运儿,2.06,0,0,0,0,出门,long,杂技演员,1.73,0,1,0,23,出门,yihua,佣兵,1.27,0,1,0,17,出门,4,27,ssa,杂货商,,守墓人,木偶师,
78,6,2025-11-23_1800_FPX.ZQ_vs_DOU5_R6_G3,FPX.ZQ vs DOU5,FPX.ZQ,DOU5,1,3,求生胜,2025,IVL秋季赛常规赛,2025-11-23,1800,FPX.ZQ,DOU5,3,主,FPX.ZQ,dongx,1,3,人,,红教堂,圣心医院,大副,飞行家,拉拉队员,守墓人,幸运儿,气象学家,,,,喧嚣,梦之女巫,,先知,古董商,,,跛脚羊,时空之影,,弓箭手,邮差,,,野人,,哭泣小丑,,冒险家,杂技演员,杂货商,移形,传送,主,0,czai,弓箭手,1.67,0,0,0,103,出门,chen,杂技演员,0,0,0,0,112,淘汰,楠,哭泣小丑,1.81,0,0,0,24,出门,silverzhi,邮差,2.1,0,1,1,61,出门,7,34,ssa,杂货商,,作曲家,木偶师,
79,1,2025-11-27_1400_GW_vs_Wolves_R1_G1,GW vs Wolves,Wolves,GW,3,1,监管胜,2025,IVL秋季赛常规赛,2025-11-27,1400,GW,Wolves,1,客,Wolves,choai,1,3,屠,月亮河公园,红教堂,不归林,,,,,,,,,,,,,先知,古董商,,,,,,幸运儿,木偶师,,,大副,,守墓人,,弓箭手,咒术师,喧嚣,移形,未携带,主,0,lancelot,木偶师,0.01,0,0,0,80,淘汰,leil,幸运儿,1.25,0,3,1,75,淘汰,lion,守墓人,1.54,0,2,0,56,淘汰,unicorn,咒术师,2.8,0,0,1,34,出门,7,1,choai,喧嚣,,,,
79,2,2025-11-27_1400_GW_vs_Wolves_R2_G1,GW vs Wolves,GW,Wolves,2,2,平局,2025,IVL秋季赛常规赛,2025-11-27,1400,GW,Wolves,1,主,GW,littlie,2,2,平,月亮河公园,红教堂,不归林,,,,,,,,,,,,,机械师,先知,,,,,,幸运儿,弓箭手,,,木偶师,,骑士,,古董商,守墓人,跛脚羊,窥视者,传送,主,0,tian,弓箭手,0.01,0,0,0,65,淘汰,jelly,骑士,1.21,0,1,0,72,出门,487,幸运儿,2.49,0,0,0,60,淘汰,xmx,守墓人,1.83,0,2,0,25,出门,5,40,choai,喧嚣,,,,
79,3,2025-11-27_1400_GW_vs_Wolves_R3_G2,GW vs Wolves,GW,Wolves,1,3,求生胜,2025,IVL秋季赛常规赛,2025-11-27,1400,GW,Wolves,2,主,GW,littlie,1,3,人,,永眠镇,月亮河公园,幸运儿,弓箭手,骑士,,,,,,,跛脚羊,,,先知,古董商,,,歌剧演员,,,飞行家,空军,,,佣兵,,大副,,气象学家,杂技演员,爱哭鬼,闪现,传送,客,0,tian,杂技演员,0,0,0,0,66,淘汰,jelly,飞行家,1.73,0,2,0,61,出门,487,空军,1.85,0,0,0,77,出门,xmx,大副,2.02,0,2,0,53,出门,6,11,choai,喧嚣,,守墓人,,
79,4,2025-11-27_1400_GW_vs_Wolves_R4_G2,GW vs Wolves,Wolves,GW,2,2,平局,2025,IVL秋季赛常规赛,2025-11-27,1400,GW,Wolves,2,客,Wolves,choai,2,2,平,,永眠镇,月亮河公园,幸运儿,木偶师,守墓人,,,,,,,喧嚣,,,先知,古董商,,,跛脚羊,,,野人,病患,,,气象学家,,小女孩,,空军,骑士,小丑,移形,传送,客,0,lancelot,病患,2.39,1,0,0,21,淘汰,leil,小女孩,1.97,0,1,1,26,出门,lion,野人,0.89,0,1,0,71,出门,unicorn,骑士,0,0,0,0,92,淘汰,5,46,choai,喧嚣,,咒术师,,
80,1,2025-11-27_1600_FPX.ZQ_vs_MRC_R1_G1,FPX.ZQ vs MRC,FPX.ZQ,MRC,3,1,监管胜,2025,IVL秋季赛常规赛,2025-11-27,1600,FPX.ZQ,MRC,1,主,FPX.ZQ,dongx,3,1,屠,月亮河公园,唐人街,湖景村,,,,,,,,,,,,,先知,咒术师,,,,,,大副,古董商,,,木偶师,,飞行家,,机械师,幸运儿,跛脚羊,兴奋,未使用,主,1,xiaox,大副,0.76,0,2,0,36,淘汰,huac,飞行家,1.26,0,0,0,33,淘汰,nanako,古董商,0,0,0,0,66,淘汰,xiaod,幸运儿,2.73,1,0,1,21,出门,5,18,bailu,喧嚣,,,,
80,2,2025-11-27_1600_FPX.ZQ_vs_MRC_R2_G1,FPX.ZQ vs MRC,MRC,FPX.ZQ,5,0,监管胜,2025,IVL秋季赛常规赛,2025-11-27,1600,FPX.ZQ,MRC,1,客,MRC,bailu,0,5,屠,月亮河公园,唐人街,湖景村,,,,,,,,,,,,,先知,古董商,,,,,,弓箭手,木偶师,,,大副,,守墓人,,冒险家,魔术师,歌剧演员,闪现,传送,主,3,stian,弓箭手,1.5,0,0,0,40,淘汰,yuan,木偶师,0,0,0,0,48,淘汰,long,魔术师,0.81,0,1,0,46,淘汰,yihua,守墓人,1.48,0,1,3,47,淘汰,6,9,bailu,喧嚣,,,,
80,3,2025-11-27_1600_FPX.ZQ_vs_MRC_R3_G2,FPX.ZQ vs MRC,FPX.ZQ,MRC,3,1,监管胜,2025,IVL秋季赛常规赛,2025-11-27,1600,FPX.ZQ,MRC,2,主,FPX.ZQ,dongx,3,1,屠,,唐人街,永眠镇,大副,古董商,飞行家,,,,,,,跛脚羊,,,先知,空军,,,梦之女巫,,,逃脱大师,气象学家,,,火灾调查员,,病患,,机械师,咒术师,杂货商,移形,传送,客,0,xiaox,逃脱大师,1.48,0,1,0,40,淘汰,huac,病患,2.13,0,2,0,25,出门,nanako,咒术师,0,1,0,0,61,淘汰,xiaod,气象学家,2.18,0,1,1,67,淘汰,7,42,bailu,喧嚣,,幸运儿,,
80,4,2025-11-27_1600_FPX.ZQ_vs_MRC_R4_G2,FPX.ZQ vs MRC,MRC,FPX.ZQ,5,0,监管胜,2025,IVL秋季赛常规赛,2025-11-27,1600,FPX.ZQ,MRC,2,客,MRC,bailu,0,5,屠,,唐人街,永眠镇,弓箭手,木偶师,守墓人,,,,,,,歌剧演员,,,先知,逃脱大师,,,跛脚羊,,,大副,飞行家,,,气象学家,,火灾调查员,,幸运儿,空军,喧嚣,移形,未携带,客,1,stian,火灾调查员,2.99,0,0,0,16,淘汰,yuan,空军,0,0,0,0,78,淘汰,long,飞行家,0.83,1,0,0,36,淘汰,yihua,大副,1.35,0,1,2,49,淘汰,5,21,bailu,喧嚣,,魔术师,,
81,1,2025-11-27_1800_GG_vs_ACT_R1_G1,GG vs ACT,ACT,GG,2,2,平局,2025,IVL秋季赛常规赛,2025-11-27,1800,GG,ACT,1,客,ACT,zz9,2,2,平,湖景村,唐人街,永眠镇,,,,,,,,,,,,,幸运儿,咒术师,,,,,,先知,大副,,,机械师,,弓箭手,,飞行家,木偶师,杂货商,移形,未使用,主,0,ppz,先知,1.99,0,0,0,48,出门,18,木偶师,0,0,0,0,58,淘汰,kucao,大副,1.62,0,2,0,100,淘汰,bye,弓箭手,2.38,0,2,0,64,出门,6,48,xawm,26号守卫,,,,
81,2,2025-11-27_1800_GG_vs_ACT_R2_G1,GG vs ACT,GG,ACT,5,0,监管胜,2025,IVL秋季赛常规赛,2025-11-27,1800,GG,ACT,1,主,GG,xawm,5,0,屠,湖景村,唐人街,永眠镇,,,,,,,,,,,,,机械师,先知,,,,,,幸运儿,守墓人,,,咒术师,,古董商,,木偶师,气象学家,跛脚羊,窥视者,移形,主,0,frost,守墓人,1.35,0,2,0,74,淘汰,gougou,幸运儿,2.61,0,1,1,24,淘汰,xy,古董商,2.03,0,1,0,76,淘汰,xmiao5,气象学家,0,0,0,0,71,淘汰,7,43,xawm,26号守卫,,,,
81,3,2025-11-27_1800_GG_vs_ACT_R3_G2,GG vs ACT,GG,ACT,5,0,监管胜,2025,IVL秋季赛常规赛,2025-11-27,1800,GG,ACT,2,主,GG,xawm,5,0,屠,,里奥的回忆,月亮河公园,幸运儿,守墓人,古董商,,,,,,,跛脚羊,,,先知,逃脱大师,,,歌剧演员,,,大副,飞行家,,,火灾调查员,,空军,,小说家,记者,26号守卫,移形,未携带,客,2,frost,大副,0.99,0,0,0,57,淘汰,gougou,记者,0.04,0,0,0,105,淘汰,xy,空军,2,0,1,0,23,淘汰,xmiao5,飞行家,1.69,0,1,0,35,淘汰,6,3,xawm,26号守卫,,气象学家,,
81,4,2025-11-27_1800_GG_vs_ACT_R4_G2,GG vs ACT,ACT,GG,3,1,监管胜,2025,IVL秋季赛常规赛,2025-11-27,1800,GG,ACT,2,客,ACT,zz9,1,3,屠,,里奥的回忆,月亮河公园,先知,大副,弓箭手,,,,,,,杂货商,,,佣兵,古董商,,,跛脚羊,,,逃脱大师,火灾调查员,,,入殓师,,气象学家,,空军,心理学家,歌剧演员,失常,传送,客,0,ppz,气象学家,3,0,0,0,28,淘汰,18,心理学家,0,0,0,0,57,淘汰,kucao,逃脱大师,1.09,0,2,0,31,淘汰,ppxia,火灾调查员,1.55,1,1,0,79,出门,6,52,xawm,26号守卫,,木偶师,,
82,1,2025-11-28_1400_FPX.ZQ_vs_WBG_R1_G1,FPX.ZQ vs WBG,WBG,FPX.ZQ,1,3,求生胜,2025,IVL秋季赛常规赛,2025-11-28,1400,FPX.ZQ,WBG,1,客,WBG,n1e,3,1,人,月亮河公园,唐人街,湖景村,,,,,,,,,,,,,冒险家,咒术师,,,,,,先知,大副,,,气象学家,,魔术师,,古董商,弓箭手,歌剧演员,闪现,未使用,主,0,stian,弓箭手,2.01,0,1,0,40,出门,yuan,先知,1,1,0,0,85,出门,long,魔术师,0.78,0,1,0,81,淘汰,yihua,大副,1.36,0,1,1,30,出门,5,11,stian,火灾调查员,,,,
82,2,2025-11-28_1400_FPX.ZQ_vs_WBG_R2_G1,FPX.ZQ vs WBG,FPX.ZQ,WBG,1,3,求生胜,2025,IVL秋季赛常规赛,2025-11-28,1400,FPX.ZQ,WBG,1,主,FPX.ZQ,dongx,1,3,人,月亮河公园,唐人街,湖景村,,,,,,,,,,,,,先知,咒术师,,,,,,大副,木偶师,,,弓箭手,,古董商,,教授,魔术师,跛脚羊,兴奋,移形,主,0,koting,魔术师,1.99,0,2,0,21,出门,guoker,古董商,0.62,0,0,0,60,出门,huiyi,大副,1,0,1,0,49,淘汰,persica,木偶师,1.39,0,1,0,70,出门,6,17,stian,火灾调查员,,,,
82,3,2025-11-28_1400_FPX.ZQ_vs_WBG_R3_G2,FPX.ZQ vs WBG,FPX.ZQ,WBG,1,3,求生胜,2025,IVL秋季赛常规赛,2025-11-28,1400,FPX.ZQ,WBG,2,主,FPX.ZQ,dongx,1,3,人,,唐人街,红教堂,大副,木偶师,古董商,,,,,,,跛脚羊,,,先知,幸运儿,,,歌剧演员,,,气象学家,弓箭手,,,火灾调查员,,杂技演员,,佣兵,守墓人,梦之女巫,巡视者,闪现,客,0,koting,气象学家,0.16,1,0,0,74,淘汰,guoker,杂技演员,1.3,1,1,0,86,出门,huiyi,守墓人,1,0,1,0,43,出门,persica,弓箭手,3,0,1,0,15,出门,6,5,stian,火灾调查员,,魔术师,,
82,4,2025-11-28_1400_FPX.ZQ_vs_WBG_R4_G2,FPX.ZQ vs WBG,WBG,FPX.ZQ,2,2,平局,2025,IVL秋季赛常规赛,2025-11-28,1400,FPX.ZQ,WBG,2,客,WBG,n1e,2,2,平,,唐人街,红教堂,先知,大副,魔术师,,,,,,,歌剧演员,,,逃脱大师,气象学家,,,跛脚羊,,,飞行家,幸运儿,,,古董商,,佣兵,,哭泣小丑,空军,喧嚣,移形,未携带,客,0,stian,幸运儿,1.99,0,0,0,71,淘汰,yuan,空军,0,0,0,0,129,淘汰,long,飞行家,1.46,0,1,0,17,出门,yihua,佣兵,1.64,0,1,1,29,出门,5,29,stian,火灾调查员,,弓箭手,,
82,5,2025-11-28_1400_FPX.ZQ_vs_WBG_R5_G3,FPX.ZQ vs WBG,WBG,FPX.ZQ,0,5,求生胜,2025,IVL秋季赛常规赛,2025-11-28,1400,FPX.ZQ,WBG,3,客,WBG,n1e,5,0,人,,永眠镇,月亮河公园,飞行家,幸运儿,佣兵,先知,大副,魔术师,,,,喧嚣,歌剧演员,,古董商,小说家,,,时空之影,跛脚羊,,气象学家,火灾调查员,,,哭泣小丑,,守墓人,,拉拉队员,玩具商,26号守卫,移形,闪现,主,0,stian,火灾调查员,1,0,0,0,84,出门,yuan,气象学家,2,0,0,0,16,出门,long,玩具商,1.49,0,1,0,33,出门,yihua,守墓人,0.51,0,0,0,101,出门,4,23,stian,火灾调查员,,空军,弓箭手,
82,6,2025-11-28_1400_FPX.ZQ_vs_WBG_R6_G3,FPX.ZQ vs WBG,FPX.ZQ,WBG,2,2,平局,2025,IVL秋季赛常规赛,2025-11-28,1400,FPX.ZQ,WBG,3,主,FPX.ZQ,dongx,2,2,平,,永眠镇,月亮河公园,气象学家,弓箭手,杂技演员,大副,木偶师,古董商,,,,梦之女巫,跛脚羊,,先知,幸运儿,,,时空之影,喧嚣,,冒险家,佣兵,,,祭司,,小说家,,飞行家,入殓师,歌剧演员,移形,未使用,主,0,koting,入殓师,0.06,0,1,0,56,淘汰,guoker,冒险家,1.36,0,0,0,45,出门,huiyi,佣兵,1.61,0,1,0,34,出门,persica,小说家,2.03,0,2,0,45,淘汰,5,54,stian,火灾调查员,,守墓人,魔术师,
83,1,2025-11-28_1600_GR_vs_Wolves_R1_G1,GR vs Wolves,Wolves,GR,5,0,监管胜,2025,IVL秋季赛常规赛,2025-11-28,1600,GR,Wolves,1,客,Wolves,choai,0,5,屠,月亮河公园,唐人街,军工厂,,,,,,,,,,,,,冒险家,先知,,,,,,机械师,大副,,,弓箭手,,古董商,,木偶师,幸运儿,跛脚羊,兴奋,移形,主,1,ac,机械师,0.92,0,0,0,36,淘汰,heart,大副,1.05,0,3,1,119,淘汰,red,古董商,1.24,0,1,0,75,淘汰,ak,幸运儿,2.62,0,2,3,82,淘汰,8,27,choai,蜡像师,,,,
83,2,2025-11-28_1600_GR_vs_Wolves_R2_G1,GR vs Wolves,GR,Wolves,1,3,求生胜,2025,IVL秋季赛常规赛,2025-11-28,1600,GR,Wolves,1,主,GR,jin,1,3,人,月亮河公园,唐人街,军工厂,,,,,,,,,,,,,机械师,大副,,,,,,先知,逃脱大师,,,幸运儿,,小说家,,飞行家,教授,26号守卫,移形,未携带,主,0,tian,教授,2,0,0,0,22,出门,jelly,小说家,0.64,0,2,0,81,淘汰,487,先知,2.28,0,1,1,11,出门,xmx,逃脱大师,0.36,0,1,0,66,出门,5,33,choai,蜡像师,,,,
83,3,2025-11-28_1600_GR_vs_Wolves_R3_G2,GR vs Wolves,GR,Wolves,2,2,平局,2025,IVL秋季赛常规赛,2025-11-28,1600,GR,Wolves,2,主,GR,jin,2,2,平,,红教堂,永眠镇,先知,逃脱大师,小说家,,,,,,,26号守卫,,,机械师,大副,,,跛脚羊,,,佣兵,火灾调查员,,,幸运儿,,飞行家,,弓箭手,古董商,喧嚣,移形,未携带,客,0,tian,火灾调查员,2.22,0,0,0,24,出门,jelly,飞行家,1.76,0,1,0,50,出门,487,古董商,0,1,0,0,93,淘汰,xmx,佣兵,1.72,0,2,1,84,淘汰,6,34,choai,蜡像师,,教授,,
83,4,2025-11-28_1600_GR_vs_Wolves_R4_G2,GR vs Wolves,Wolves,GR,5,0,监管胜,2025,IVL秋季赛常规赛,2025-11-28,1600,GR,Wolves,2,客,Wolves,choai,0,5,屠,,红教堂,永眠镇,机械师,大副,古董商,,,,,,,跛脚羊,,,先知,飞行家,,,歌剧演员,,,逃脱大师,气象学家,,,火灾调查员,,病患,,空军,囚徒,蜡像师,移形,窥视者,客,2,ac,囚徒,2.45,0,0,0,49,淘汰,heart,逃脱大师,0,0,0,0,64,淘汰,jiying,气象学家,1.34,0,0,0,11,淘汰,ak,病患,0.97,0,1,0,31,淘汰,5,33,choai,蜡像师,,幸运儿,,
84,1,2025-11-28_1800_GW_vs_MRC_R1_G1,GW vs MRC,MRC,GW,2,2,平局,2025,IVL秋季赛常规赛,2025-11-28,1800,GW,MRC,1,客,MRC,bailu,2,2,平,月亮河公园,唐人街,不归林,,,,,,,,,,,,,先知,幸运儿,,,,,,古董商,木偶师,,,大副,,守墓人,,飞行家,机械师,跛脚羊,兴奋,闪现,主,0,lancelot,木偶师,1.01,1,0,1,41,出门,leil,机械师,0.91,0,0,0,36,淘汰,lion,守墓人,1.09,0,2,0,18,出门,unicorn,古董商,1.99,0,0,0,76,淘汰,5,2,littlie,跛脚羊,,,,
84,2,2025-11-28_1800_GW_vs_MRC_R2_G1,GW vs MRC,GW,MRC,5,0,监管胜,2025,IVL秋季赛常规赛,2025-11-28,1800,GW,MRC,1,主,GW,littlie,5,0,屠,月亮河公园,唐人街,不归林,,,,,,,,,,,,,先知,机械师,,,,,,古董商,木偶师,,,幸运儿,,大副,,气象学家,园丁,跛脚羊,窥视者,未使用,主,0,xiaox,大副,1.29,0,1,0,45,淘汰,huac,木偶师,1.71,0,0,0,61,淘汰,nanako,古董商,2.45,0,0,0,43,淘汰,xiaod,园丁,0.25,0,0,0,27,淘汰,5,16,littlie,跛脚羊,,,,
84,3,2025-11-28_1800_GW_vs_MRC_R3_G2,GW vs MRC,GW,MRC,3,1,监管胜,2025,IVL秋季赛常规赛,2025-11-28,1800,GW,MRC,2,主,GW,ali,3,1,屠,,月亮河公园,湖景村,古董商,木偶师,大副,,,,,,,跛脚羊,,,先知,气象学家,,,歌剧演员,,,逃脱大师,幸运儿,,,火灾调查员,,飞行家,,杂技演员,弓箭手,喧嚣,移形,未携带,客,0,xiaox,逃脱大师,1.59,0,2,0,42,出门,huac,飞行家,0,0,0,0,93,淘汰,nanako,弓箭手,2.16,0,2,0,54,淘汰,xiaod,幸运儿,1.62,0,1,0,98,淘汰,7,3,littlie,跛脚羊,,园丁,,
84,4,2025-11-28_1800_GW_vs_MRC_R4_G2,GW vs MRC,MRC,GW,2,2,平局,2025,IVL秋季赛常规赛,2025-11-28,1800,GW,MRC,2,客,MRC,bailu,2,2,平,,月亮河公园,湖景村,古董商,木偶师,守墓人,,,,,,,跛脚羊,,,先知,逃脱大师,,,歌剧演员,,,幸运儿,飞行家,,,大副,,佣兵,,弓箭手,火灾调查员,杂货商,移形,传送,客,0,lancelot,飞行家,0,0,0,0,68,淘汰,leil,火灾调查员,1.48,0,1,0,33,出门,lion,佣兵,2.09,0,2,0,29,淘汰,unicorn,幸运儿,1.88,0,1,0,71,出门,6,52,littlie,跛脚羊,,机械师,,
85,1,2025-11-29_1400_DOU5_vs_GG_R1_G1,DOU5 vs GG,GG,DOU5,2,2,平局,2025,IVL秋季赛常规赛,2025-11-29,1400,DOU5,GG,1,客,GG,xawm,2,2,平,里奥的回忆,不归林,月亮河公园,,,,,,,,,,,,,先知,古董商,,,,,,飞行家,弓箭手,,,幸运儿,,机械师,,守墓人,大副,跛脚羊,窥视者,未使用,主,0,czai,弓箭手,1.65,0,2,0,63,出门,chen,飞行家,1.26,0,1,0,127,淘汰,楠,大副,2.51,0,1,0,19,出门,silverzhi,机械师,0.05,0,0,0,50,淘汰,7,18,chen,火灾调查员,,,,
85,2,2025-11-29_1400_DOU5_vs_GG_R2_G1,DOU5 vs GG,DOU5,GG,2,2,平局,2025,IVL秋季赛常规赛,2025-11-29,1400,DOU5,GG,1,主,DOU5,mhxm,2,2,平,里奥的回忆,不归林,月亮河公园,,,,,,,,,,,,,先知,机械师,,,,,,园丁,大副,,,弓箭手,,气象学家,,古董商,魔术师,跛脚羊,窥视者,未使用,主,0,ppz,魔术师,0,0,0,0,49,淘汰,18,园丁,1.31,0,2,0,64,出门,kucao,大副,1,0,1,0,100,淘汰,bye,气象学家,3,0,0,0,0,出门,5,52,chen,火灾调查员,,,,
85,3,2025-11-29_1400_DOU5_vs_GG_R3_G2,DOU5 vs GG,GG,DOU5,1,3,求生胜,2025,IVL秋季赛常规赛,2025-11-29,1400,DOU5,GG,2,客,GG,xawm,3,1,人,,永眠镇,红教堂,飞行家,弓箭手,机械师,,,,,,,跛脚羊,,,先知,古董商,,,26号守卫,,,佣兵,火灾调查员,,,幸运儿,,空军,,气象学家,杂技演员,歌剧演员,闪现,传送,客,0,czai,空军,1.81,0,0,0,34,出门,chen,火灾调查员,0.01,0,0,0,120,淘汰,楠,佣兵,1.33,0,1,0,12,出门,silverzhi,杂技演员,1.85,0,1,1,11,出门,5,4,chen,火灾调查员,,大副,,
85,4,2025-11-29_1400_DOU5_vs_GG_R4_G2,DOU5 vs GG,DOU5,GG,5,0,监管胜,2025,IVL秋季赛常规赛,2025-11-29,1400,DOU5,GG,2,主,DOU5,mhxm,5,0,屠,,永眠镇,红教堂,园丁,大副,气象学家,,,,,,,跛脚羊,,,先知,逃脱大师,,,喧嚣,,,古董商,飞行家,,,幸运儿,,佣兵,,火灾调查员,弓箭手,杂货商,移形,传送,客,1,ppz,古董商,1.49,0,1,0,88,淘汰,18,飞行家,0.02,0,0,0,64,淘汰,kucao,佣兵,2.09,0,1,1,10,淘汰,bye,弓箭手,1.96,1,2,0,49,淘汰,7,6,chen,火灾调查员,,魔术师,,
85,5,2025-11-29_1400_DOU5_vs_GG_R5_G3,DOU5 vs GG,GG,DOU5,1,3,求生胜,2025,IVL秋季赛常规赛,2025-11-29,1400,DOU5,GG,3,客,GG,xawm,3,1,人,,圣心医院,不归林,佣兵,火灾调查员,空军,飞行家,弓箭手,机械师,,,,歌剧演员,跛脚羊,,先知,入殓师,,,喧嚣,26号守卫,,守墓人,气象学家,,,小说家,,幸运儿,,记者,玩具商,鹿头,移形,闪现,主,0,czai,玩具商,0,0,0,0,74,淘汰,chen,幸运儿,1.55,0,1,0,28,出门,楠,守墓人,1.49,0,1,0,25,出门,silverzhi,气象学家,2.23,0,0,0,136,出门,6,29,chen,火灾调查员,,杂技演员,大副,
85,6,2025-11-29_1400_DOU5_vs_GG_R6_G3,DOU5 vs GG,DOU5,GG,2,2,平局,2025,IVL秋季赛常规赛,2025-11-29,1400,DOU5,GG,3,主,DOU5,ssa,2,2,平,,圣心医院,不归林,古董商,飞行家,佣兵,园丁,大副,气象学家,,,,杂货商,跛脚羊,,先知,逃脱大师,,,歌剧演员,蜡像师,,幸运儿,咒术师,,,小说家,,哭泣小丑,,火灾调查员,心理学家,鹿头,移形,传送,主,0,ppz,咒术师,0.73,0,0,0,111,淘汰,18,心理学家,1,0,0,0,127,淘汰,kucao,哭泣小丑,1.27,0,1,0,38,出门,ppxia,幸运儿,2,0,0,0,22,出门,5,22,chen,火灾调查员,,弓箭手,魔术师,
86,1,2025-11-29_1600_ACT_vs_GR_R1_G1,ACT vs GR,GR,ACT,3,1,监管胜,2025,IVL秋季赛常规赛,2025-11-29,1600,ACT,GR,1,客,GR,jin,1,3,屠,月亮河公园,永眠镇,不归林,,,,,,,,,,,,,先知,古董商,,,,,,幸运儿,咒术师,,,机械师,,大副,,教授,气象学家,跛脚羊,窥视者,传送,主,0,eleven,大副,2.04,0,1,0,67,出门,gougou,咒术师,0,1,0,0,81,淘汰,xy,幸运儿,1.59,0,1,1,73,淘汰,xmiao5,气象学家,1.93,0,1,0,107,淘汰,7,31,heart,佣兵,,,,
86,2,2025-11-29_1600_ACT_vs_GR_R2_G1,ACT vs GR,ACT,GR,2,2,平局,2025,IVL秋季赛常规赛,2025-11-29,1600,ACT,GR,1,主,ACT,zz9,2,2,平,月亮河公园,永眠镇,不归林,,,,,,,,,,,,,先知,机械师,,,,,,幸运儿,大副,,,古董商,,弓箭手,,魔术师,木偶师,跛脚羊,窥视者,失常,主,0,ac,木偶师,3.2,0,1,0,58,出门,heart,大副,1.31,0,4,0,32,出门,red,弓箭手,0,1,0,0,110,淘汰,ak,幸运儿,1.99,0,0,1,75,淘汰,7,51,heart,佣兵,,,,
86,3,2025-11-29_1600_ACT_vs_GR_R3_G2,ACT vs GR,ACT,GR,5,0,监管胜,2025,IVL秋季赛常规赛,2025-11-29,1600,ACT,GR,2,主,ACT,zz9,5,0,屠,,湖景村,月亮河公园,幸运儿,大副,弓箭手,,,,,,,跛脚羊,,,先知,逃脱大师,,,喧嚣,,,古董商,病患,,,佣兵,,野人,,火灾调查员,气象学家,时空之影,闪现,未携带,客,0,ac,气象学家,0.06,0,0,0,65,淘汰,heart,野人,1.16,0,1,0,102,淘汰,red,病患,1.97,0,1,1,54,淘汰,ak,古董商,2.26,0,2,2,70,淘汰,7,28,heart,佣兵,,木偶师,,
86,4,2025-11-29_1600_ACT_vs_GR_R4_G2,ACT vs GR,GR,ACT,2,2,平局,2025,IVL秋季赛常规赛,2025-11-29,1600,ACT,GR,2,客,GR,jin,2,2,平,,湖景村,月亮河公园,幸运儿,咒术师,大副,,,,,,,跛脚羊,,,古董商,逃脱大师,,,歌剧演员,,,飞行家,佣兵,,,入殓师,,火灾调查员,,空军,杂技演员,喧嚣,失常,传送,客,0,eleven,佣兵,0,0,0,0,100,淘汰,xen,飞行家,1.85,0,2,0,53,出门,xy,杂技演员,2.7,0,0,0,65,出门,xmiao5,火灾调查员,1.75,0,2,0,49,淘汰,6,52,heart,佣兵,,气象学家,,
86,5,2025-11-29_1600_ACT_vs_GR_R5_G3,ACT vs GR,GR,ACT,2,2,平局,2025,IVL秋季赛常规赛,2025-11-29,1600,ACT,GR,3,客,GR,jin,2,2,平,,军工厂,永眠镇,飞行家,佣兵,火灾调查员,幸运儿,咒术师,大副,,,,喧嚣,跛脚羊,,先知,守墓人,,,时空之影,26号守卫,,逃脱大师,拉拉队员,,,古董商,,弓箭手,,机械师,病患,鹿头,移形,传送,主,0,eleven,逃脱大师,1.34,0,3,0,82,出门,xen,病患,2.11,0,1,0,45,出门,xy,弓箭手,0,0,0,0,62,淘汰,xmiao5,拉拉队员,2.38,0,1,0,72,淘汰,8,9,heart,佣兵,,杂技演员,气象学家,
86,6,2025-11-29_1600_ACT_vs_GR_R6_G3,ACT vs GR,ACT,GR,0,5,求生胜,2025,IVL秋季赛常规赛,2025-11-29,1600,ACT,GR,3,主,ACT,zz9,0,5,人,,军工厂,永眠镇,古董商,病患,野人,幸运儿,大副,弓箭手,,,,时空之影,跛脚羊,,先知,小说家,,,喧嚣,歌剧演员,,佣兵,机械师,,,飞行家,,囚徒,,空军,火灾调查员,杂货商,移形,失常,主,0,ac,火灾调查员,2.89,0,0,0,56,出门,heart,佣兵,1.21,0,3,0,62,出门,red,机械师,0.51,0,0,0,91,出门,ak,囚徒,1.99,0,2,0,88,出门,8,8,heart,佣兵,,气象学家,木偶师,
87,1,2025-11-29_1800_TE_vs_Wolves_R1_G1,TE vs Wolves,Wolves,TE,1,3,求生胜,2025,IVL秋季赛常规赛,2025-11-29,1800,TE,Wolves,1,客,Wolves,choai,3,1,人,月亮河公园,唐人街,不归林,,,,,,,,,,,,,古董商,幸运儿,,,,,,机械师,先知,,,守墓人,,大副,,魔术师,咒术师,跛脚羊,失常,兴奋,主,0,drop,机械师,1,0,1,2,48,出门,maom,咒术师,1.53,0,3,0,155,淘汰,libao,大副,2.22,0,1,0,55,出门,lconfid,先知,2.46,0,0,0,21,出门,6,30,suda,杂货商,,,,
87,2,2025-11-29_1800_TE_vs_Wolves_R2_G1,TE vs Wolves,TE,Wolves,2,2,平局,2025,IVL秋季赛常规赛,2025-11-29,1800,TE,Wolves,1,主,TE,ppei,2,2,平,月亮河公园,唐人街,不归林,,,,,,,,,,,,,先知,机械师,,,,,,幸运儿,弓箭手,,,守墓人,,大副,,木偶师,骑士,跛脚羊,兴奋,闪现,主,0,tian,弓箭手,0,0,0,0,73,淘汰,jelly,骑士,1.62,0,1,1,81,淘汰,487,幸运儿,2.88,0,2,1,45,出门,xmx,大副,0.98,1,1,1,102,出门,10,45,suda,杂货商,,,,
87,3,2025-11-29_1800_TE_vs_Wolves_R3_G2,TE vs Wolves,TE,Wolves,2,2,平局,2025,IVL秋季赛常规赛,2025-11-29,1800,TE,Wolves,2,主,TE,ppei,2,2,平,,永眠镇,湖景村,幸运儿,弓箭手,大副,,,,,,,跛脚羊,,,先知,逃脱大师,,,歌剧演员,,,佣兵,飞行家,,,古董商,,空军,,机械师,杂技演员,喧嚣,兴奋,传送,客,0,tian,杂技演员,1.95,0,1,2,22,出门,jelly,飞行家,2.42,1,3,0,62,出门,487,空军,0,0,0,0,96,淘汰,xmx,佣兵,1.96,0,1,0,114,淘汰,7,52,suda,杂货商,,骑士,,
87,4,2025-11-29_1800_TE_vs_Wolves_R4_G2,TE vs Wolves,Wolves,TE,5,0,监管胜,2025,IVL秋季赛常规赛,2025-11-29,1800,TE,Wolves,2,客,Wolves,choai,0,5,屠,,永眠镇,湖景村,机械师,先知,大副,,,,,,,跛脚羊,,,古董商,幸运儿,,,歌剧演员,,,逃脱大师,空军,,,气象学家,,飞行家,,火灾调查员,杂技演员,小丑,闪现,未携带,客,1,drop,空军,2.13,0,0,1,28,淘汰,maom,杂技演员,1.37,0,1,0,29,淘汰,libao,逃脱大师,1.62,1,2,0,22,淘汰,lconfid,飞行家,0.1,0,0,0,51,淘汰,6,6,suda,杂货商,,咒术师,,
87,5,2025-11-29_1800_TE_vs_Wolves_R5_G3,TE vs Wolves,TE,Wolves,5,0,监管胜,2025,IVL秋季赛常规赛,2025-11-29,1800,TE,Wolves,3,主,TE,suda,5,0,屠,,圣心医院,红教堂,佣兵,飞行家,空军,幸运儿,弓箭手,大副,,,,喧嚣,跛脚羊,,先知,古董商,,,歌剧演员,时空之影,,前锋,气象学家,,,火灾调查员,,邮差,,拉拉队员,哭泣小丑,杂货商,闪现,传送,主,1,tian,气象学家,1.05,0,0,0,69,淘汰,jelly,前锋,1.08,0,1,0,22,淘汰,487,邮差,1.57,0,1,3,111,淘汰,xmx,哭泣小丑,1.01,0,1,0,103,淘汰,9,42,suda,杂货商,,杂技演员,骑士,
87,6,2025-11-29_1800_TE_vs_Wolves_R6_G3,TE vs Wolves,Wolves,TE,2,2,平局,2025,IVL秋季赛常规赛,2025-11-29,1800,TE,Wolves,3,客,Wolves,choai,2,2,平,,圣心医院,红教堂,逃脱大师,空军,飞行家,机械师,先知,大副,,,,小丑,跛脚羊,,火灾调查员,拉拉队员,,,歌剧演员,喧嚣,,佣兵,气象学家,,,幸运儿,,法罗女士,,古董商,心理学家,26号守卫,移形,传送,主,0,drop,法罗女士,0.11,0,0,0,65,淘汰,maom,心理学家,1.23,0,0,0,68,淘汰,libao,佣兵,1.65,0,1,0,46,出门,lconfid,气象学家,2.39,0,0,0,3,出门,5,24,suda,杂货商,,杂技演员,咒术师,
88,1,2025-11-30_1400_DOU5_vs_MRC_R1_G1,DOU5 vs MRC,DOU5,MRC,2,2,平局,2025,IVL秋季赛常规赛,2025-11-30,1400,DOU5,MRC,1,主,DOU5,mhxm,2,2,平,月亮河公园,唐人街,不归林,,,,,,,,,,,,,先知,机械师,,,,,,大副,木偶师,,,幸运儿,,弓箭手,,魔术师,园丁,跛脚羊,窥视者,未使用,主,0,xiaox,大副,0.72,1,2,0,90,出门,huac,木偶师,2.29,0,1,0,13,出门,nanako,弓箭手,2.28,0,0,1,64,淘汰,xiaod,园丁,0.14,0,0,0,78,淘汰,6,24,bailu,跛脚羊,,,,
88,2,2025-11-30_1400_DOU5_vs_MRC_R2_G1,DOU5 vs MRC,MRC,DOU5,3,1,监管胜,2025,IVL秋季赛常规赛,2025-11-30,1400,DOU5,MRC,1,客,MRC,bailu,1,3,屠,月亮河公园,唐人街,不归林,,,,,,,,,,,,,先知,机械师,,,,,,大副,幸运儿,,,木偶师,,弓箭手,,教授,魔术师,跛脚羊,窥视者,闪现,主,0,czai,弓箭手,0,0,0,0,53,淘汰,chen,魔术师,1.8,1,0,0,50,淘汰,楠,大副,2.5,0,1,0,25,出门,silverzhi,幸运儿,1.07,1,2,1,84,淘汰,6,28,bailu,跛脚羊,,,,
88,3,2025-11-30_1400_DOU5_vs_MRC_R3_G2,DOU5 vs MRC,DOU5,MRC,1,3,求生胜,2025,IVL秋季赛常规赛,2025-11-30,1400,DOU5,MRC,2,主,DOU5,ssa,1,3,人,,湖景村,唐人街,大副,木偶师,弓箭手,,,,,,,跛脚羊,,,幸运儿,冒险家,,,跛脚羊,,,火灾调查员,气象学家,,,机械师,,逃脱大师,,拉拉队员,病患,杂货商,移形,未使用,客,0,xiaox,逃脱大师,0,0,0,0,97,淘汰,huac,病患,1.7,0,1,0,51,出门,nanako,火灾调查员,2.68,0,0,0,23,出门,xiaod,气象学家,1.73,0,1,1,31,出门,5,33,bailu,跛脚羊,,园丁,,
88,4,2025-11-30_1400_DOU5_vs_MRC_R4_G2,DOU5 vs MRC,MRC,DOU5,2,2,平局,2025,IVL秋季赛常规赛,2025-11-30,1400,DOU5,MRC,2,客,MRC,bailu,2,2,平,,湖景村,唐人街,大副,幸运儿,弓箭手,,,,,,,跛脚羊,,,先知,气象学家,,,歌剧演员,,,逃脱大师,古董商,,,火灾调查员,,飞行家,,机械师,病患,小丑,闪现,未携带,客,0,czai,古董商,0.13,0,0,0,52,淘汰,chen,病患,1.97,0,2,0,87,出门,楠,逃脱大师,1.43,0,1,0,44,出门,silverzhi,飞行家,2.51,0,1,1,70,淘汰,7,16,bailu,跛脚羊,,魔术师,,
89,1,2025-11-30_1600_FPX.ZQ_vs_ACT_R1_G1,FPX.ZQ vs ACT,FPX.ZQ,ACT,3,1,监管胜,2025,IVL秋季赛常规赛,2025-11-30,1600,FPX.ZQ,ACT,1,主,FPX.ZQ,dongx,3,1,屠,湖景村,里奥的回忆,不归林,,,,,,,,,,,,,先知,幸运儿,,,,,,大副,咒术师,,,机械师,,木偶师,,气象学家,魔术师,跛脚羊,兴奋,传送,主,0,eleven,大副,1.53,0,1,0,82,淘汰,gougou,咒术师,0,1,0,0,87,淘汰,xy,木偶师,1.34,1,1,0,67,出门,xmiao5,魔术师,3.02,1,2,0,27,淘汰,6,52,yuan,杂技演员,,,,
89,2,2025-11-30_1600_FPX.ZQ_vs_ACT_R2_G1,FPX.ZQ vs ACT,ACT,FPX.ZQ,3,1,监管胜,2025,IVL秋季赛常规赛,2025-11-30,1600,FPX.ZQ,ACT,1,客,ACT,zz9,1,3,屠,湖景村,里奥的回忆,不归林,,,,,,,,,,,,,先知,古董商,,,,,,大副,幸运儿,,,木偶师,,魔术师,,咒术师,弓箭手,跛脚羊,闪现,传送,主,1,stian,弓箭手,0.04,0,0,0,47,淘汰,yuan,幸运儿,2.69,0,2,2,56,出门,long,魔术师,0.93,1,1,0,69,淘汰,yihua,大副,1.79,0,1,0,47,淘汰,7,21,yuan,杂技演员,,,,
89,3,2025-11-30_1600_FPX.ZQ_vs_ACT_R3_G2,FPX.ZQ vs ACT,FPX.ZQ,ACT,2,2,平局,2025,IVL秋季赛常规赛,2025-11-30,1600,FPX.ZQ,ACT,2,主,FPX.ZQ,dongx,2,2,平,,唐人街,月亮河公园,大副,咒术师,木偶师,,,,,,,跛脚羊,,,先知,逃脱大师,,,时空之影,,,佣兵,古董商,,,飞行家,,火灾调查员,,气象学家,病患,喧嚣,移形,未携带,客,0,eleven,佣兵,1.38,0,1,0,26,出门,gougou,火灾调查员,0,0,0,0,65,淘汰,xy,古董商,2,0,1,0,55,淘汰,xmiao5,病患,1.67,2,0,0,76,出门,6,2,yuan,杂技演员,,魔术师,,
89,4,2025-11-30_1600_FPX.ZQ_vs_ACT_R4_G2,FPX.ZQ vs ACT,ACT,FPX.ZQ,1,3,求生胜,2025,IVL秋季赛常规赛,2025-11-30,1600,FPX.ZQ,ACT,2,客,ACT,zz9,3,1,人,,唐人街,月亮河公园,大副,幸运儿,魔术师,,,,,,,跛脚羊,,,先知,逃脱大师,,,喧嚣,,,空军,飞行家,,,古董商,,野人,,火灾调查员,调酒师,歌剧演员,闪现,传送,客,0,stian,空军,0.01,0,0,0,55,淘汰,yuan,调酒师,2.11,0,1,2,37,出门,long,飞行家,2.48,0,0,0,37,出门,yihua,野人,1.24,0,2,0,75,出门,6,1,yuan,杂技演员,,弓箭手,,
89,5,2025-11-30_1600_FPX.ZQ_vs_ACT_R5_G3,FPX.ZQ vs ACT,FPX.ZQ,ACT,1,3,求生胜,2025,IVL秋季赛常规赛,2025-11-30,1600,FPX.ZQ,ACT,3,主,FPX.ZQ,dongx,1,3,人,,圣心医院,湖景村,佣兵,古董商,火灾调查员,大副,咒术师,木偶师,,,,喧嚣,跛脚羊,,先知,幸运儿,,,歌剧演员,梦之女巫,,逃脱大师,拉拉队员,,,气象学家,,飞行家,,小说家,入殓师,杂货商,移形,传送,主,0,eleven,逃脱大师,0.71,0,0,0,95,出门,xen,入殓师,1.21,0,3,0,30,淘汰,xy,拉拉队员,1.79,0,0,0,58,出门,xmiao5,飞行家,2,0,2,0,48,出门,6,3,yuan,杂技演员,,病患,魔术师,
89,6,2025-11-30_1600_FPX.ZQ_vs_ACT_R6_G3,FPX.ZQ vs ACT,ACT,FPX.ZQ,2,2,平局,2025,IVL秋季赛常规赛,2025-11-30,1600,FPX.ZQ,ACT,3,客,ACT,zz9,2,2,平,,圣心医院,湖景村,空军,飞行家,野人,大副,幸运儿,魔术师,,,,歌剧演员,跛脚羊,,先知,气象学家,,,喧嚣,时空之影,,古董商,火灾调查员,,,机械师,,囚徒,,哭泣小丑,守墓人,鹿头,窥视者,传送,主,0,stian,古董商,2.11,0,2,0,16,出门,yuan,囚徒,0,0,0,0,103,淘汰,long,火灾调查员,2,0,1,0,54,出门,yihua,守墓人,1.73,0,1,0,118,淘汰,7,33,yuan,杂技演员,,调酒师,弓箭手,
89,7,2025-11-30_1600_FPX.ZQ_vs_ACT_R7_G加,FPX.ZQ vs ACT,ACT,FPX.ZQ,0,5,求生胜,2025,IVL秋季赛常规赛,2025-11-30,1600,FPX.ZQ,ACT,加,客,ACT,zz9,5,0,人,,,永眠镇,古董商,火灾调查员,囚徒,空军,飞行家,野人,大副,幸运儿,魔术师,鹿头,歌剧演员,跛脚羊,先知,机械师,,,喧嚣,时空之影,,气象学家,杂技演员,,,小说家,,佣兵,,拉拉队员,玩具商,杂货商,移形,失常,客,0,stian,气象学家,1.9,0,0,1,81,出门,yuan,杂技演员,1,0,1,1,116,出门,long,玩具商,1.87,0,2,0,67,出门,yihua,佣兵,1.71,0,3,0,65,出门,7,14,yuan,杂技演员,,守墓人,调酒师,弓箭手
89,8,2025-11-30_1600_FPX.ZQ_vs_ACT_R8_G加,FPX.ZQ vs ACT,FPX.ZQ,ACT,2,2,平局,2025,IVL秋季赛常规赛,2025-11-30,1600,FPX.ZQ,ACT,加,主,FPX.ZQ,dongx,2,2,平,,,永眠镇,逃脱大师,拉拉队员,飞行家,佣兵,古董商,火灾调查员,大副,咒术师,木偶师,杂货商,喧嚣,跛脚羊,先知,幸运儿,,,时空之影,梦之女巫,,小说家,囚徒,,,气象学家,,守墓人,,祭司,邮差,蜡像师,移形,未使用,客,0,eleven,守墓人,0,0,0,0,156,淘汰,xen,邮差,2,0,1,0,28,出门,xy,囚徒,1.14,0,0,0,168,淘汰,xmiao5,小说家,1.62,0,1,0,42,出门,6,2,yuan,杂技演员,,入殓师,病患,魔术师
90,1,2025-11-30_1800_GR_vs_WBG_R1_G1,GR vs WBG,WBG,GR,3,1,监管胜,2025,IVL秋季赛常规赛,2025-11-30,1800,GR,WBG,1,客,WBG,n1e,1,3,屠,月亮河公园,唐人街,不归林,,,,,,,,,,,,,机械师,先知,,,,,,弓箭手,幸运儿,,,木偶师,,大副,,魔术师,气象学家,跛脚羊,闪现,传送,主,0,ac,气象学家,0.15,0,0,0,111,淘汰,heart,大副,1.7,0,1,0,93,淘汰,red,弓箭手,2.13,1,0,1,122,淘汰,ak,幸运儿,2.05,0,4,1,47,出门,8,4,jin,时空之影,,,,
90,2,2025-11-30_1800_GR_vs_WBG_R2_G1,GR vs WBG,GR,WBG,2,2,平局,2025,IVL秋季赛常规赛,2025-11-30,1800,GR,WBG,1,主,GR,jin,2,2,平,月亮河公园,唐人街,不归林,,,,,,,,,,,,,古董商,弓箭手,,,,,,大副,咒术师,,,木偶师,,先知,,机械师,飞行家,26号守卫,移形,未携带,主,0,koting,飞行家,0.06,0,0,0,84,淘汰,guoker,咒术师,2.03,1,0,0,30,出门,huiyi,大副,0.99,0,1,0,62,淘汰,persica,先知,2.26,0,0,0,25,出门,5,22,jin,时空之影,,,,
90,3,2025-11-30_1800_GR_vs_WBG_R3_G2,GR vs WBG,GR,WBG,2,2,平局,2025,IVL秋季赛常规赛,2025-11-30,1800,GR,WBG,2,主,GR,jin,2,2,平,,红教堂,军工厂,大副,咒术师,先知,,,,,,,26号守卫,,,古董商,冒险家,,,跛脚羊,,,弓箭手,佣兵,,,火灾调查员,,园丁,,法罗女士,杂技演员,杂货商,移形,传送,客,0,koting,园丁,0,0,0,0,62,淘汰,guoker,杂技演员,1.49,1,1,0,52,出门,huiyi,佣兵,1.99,0,1,0,24,出门,persica,弓箭手,2.01,0,1,0,35,淘汰,6,0,jin,时空之影,,飞行家,,
90,4,2025-11-30_1800_GR_vs_WBG_R4_G2,GR vs WBG,WBG,GR,2,2,平局,2025,IVL秋季赛常规赛,2025-11-30,1800,GR,WBG,2,客,WBG,n1e,2,2,平,,红教堂,军工厂,弓箭手,幸运儿,大副,,,,,,,跛脚羊,,,先知,冒险家,,,喧嚣,,,佣兵,空军,,,火灾调查员,,囚徒,,小说家,病患,歌剧演员,闪现,未携带,客,0,ac,囚徒,2.89,0,0,0,48,出门,heart,佣兵,1.24,0,2,0,59,出门,red,病患,0,0,0,0,67,淘汰,ak,空军,2.41,0,1,0,50,淘汰,7,33,jin,时空之影,,气象学家,,
90,5,2025-11-30_1800_GR_vs_WBG_R5_G3,GR vs WBG,GR,WBG,2,2,平局,2025,IVL秋季赛常规赛,2025-11-30,1800,GR,WBG,3,主,GR,jin,2,2,平,,月亮河公园,湖景村,弓箭手,佣兵,园丁,大副,咒术师,先知,,,,杂货商,26号守卫,,古董商,冒险家,,,跛脚羊,歌剧演员,,逃脱大师,气象学家,,,入殓师,,火灾调查员,,记者,机械师,喧嚣,移形,未携带,主,0,koting,气象学家,1.49,0,1,0,34,出门,guoker,火灾调查员,2.23,1,2,0,23,出门,huiyi,逃脱大师,0,0,0,0,71,淘汰,persica,机械师,2.47,0,0,1,60,淘汰,6,10,jin,时空之影,,杂技演员,飞行家,
90,6,2025-11-30_1800_GR_vs_WBG_R6_G3,GR vs WBG,WBG,GR,1,3,求生胜,2025,IVL秋季赛常规赛,2025-11-30,1800,GR,WBG,3,客,WBG,n1e,3,1,人,,月亮河公园,湖景村,佣兵,空军,囚徒,弓箭手,幸运儿,大副,,,,歌剧演员,跛脚羊,,火灾调查员,哭泣小丑,,,喧嚣,时空之影,,逃脱大师,邮差,,,飞行家,,玩具商,,古董商,杂技演员,孽蜥,闪现,未使用,主,0,ac,玩具商,1.82,0,1,0,16,出门,heart,逃脱大师,1.01,0,1,0,41,出门,red,杂技演员,0.18,1,0,0,91,淘汰,ak,邮差,1.99,0,0,0,0,出门,4,2,jin,时空之影,,病患,气象学家,
90,7,2025-11-30_1800_GR_vs_WBG_R7_G加,GR vs WBG,GR,WBG,2,2,平局,2025,IVL秋季赛常规赛,2025-11-30,1800,GR,WBG,加,主,GR,jin,2,2,平,,,红教堂,逃脱大师,气象学家,火灾调查员,弓箭手,佣兵,园丁,大副,咒术师,先知,喧嚣,杂货商,26号守卫,空军,古董商,,,跛脚羊,歌剧演员,,法罗女士,守墓人,,,拉拉队员,,心理学家,,入殓师,囚徒,时空之影,闪现,未携带,客,0,koting,心理学家,1.56,0,2,0,101,淘汰,guoker,法罗女士,1.88,0,0,0,86,出门,huiyi,守墓人,0,0,0,0,107,淘汰,persica,囚徒,3.17,0,0,0,0,出门,7,50,jin,时空之影,,机械师,杂技演员,飞行家
90,8,2025-11-30_1800_GR_vs_WBG_R8_G加,GR vs WBG,WBG,GR,2,2,平局,2025,IVL秋季赛常规赛,2025-11-30,1800,GR,WBG,加,客,WBG,n1e,2,2,平,,,红教堂,逃脱大师,邮差,玩具商,佣兵,空军,囚徒,弓箭手,幸运儿,大副,孽蜥,歌剧演员,跛脚羊,火灾调查员,哭泣小丑,,,喧嚣,时空之影,,守墓人,机械师,,,飞行家,,冒险家,,入殓师,小说家,杂货商,移形,未使用,客,0,ac,冒险家,2,0,0,0,20,淘汰,heart,守墓人,1,1,1,0,45,出门,red,小说家,1.4,0,1,0,15,出门,ak,机械师,0.7,0,0,0,82,淘汰,4,10,jin,时空之影,,杂技演员,病患,气象学家
